Sampling_event,River,Location_Code,Replicate,Treatment,Control_first,Min_from_sunrise,Log_Flow_ms,Depth_cm,Width_m,LOG_Turb_mean_NTU,LOG_DO_mgL,LOG_Temp_mean_C,LOG_Light_mean_lux,LOG_Canopy_cover,totPredPA,TopPPA,Predvisits,TopPvisits,PredFirstV,Predtottime,TopPredTotTime,PredAttack,TopAttack,PredFirstA,LatencyPredFirstA,Trial_length_min,Trial_length_sec,Guppy_Number,Male_Female_ratio,Guppy_length_mm,Time,PC1,PC2,PC3,Sediment_type,Sediment_numeric,Quarry,UpDownStream,UpDownStreamCode,AP,SF,HM,HT,AH,AB,RQ,RD
se001,turure,7TuA1,1,control,y,252,0,91,2.7,0.540329475,1.11058971,1.401400541,2.99237676,1.758154622,1,1,0,0,6,0,0,0,0,900,0,15,900,0,NA,NA,am,-1.568537439,0.46126431,0.979121225,sand,2,y,A,up,0,0,0,1,0,0,0,0
se002,turure,7TuA2,1,control,y,291,0,65,7,0.862131379,1.155336037,1.404149249,3.082472997,1.727134424,1,1,5,4,16,17,11,0,0,840,0,13,780,0,NA,NA,am,-0.761194334,-0.233385538,-1.419167665,leaf_litter,5,y,A,up,0,0,0,1,1,0,0,0
se003,turure,7TuA3,1,control,y,323,0,87,3,0.541579244,1.100370545,1.408409578,3.427701904,1.46834733,1,1,2,2,19,20,20,0,0,900,0,14,840,0,NA,NA,am,-0.751695363,0.663279846,1.063997023,silt,1,y,A,up,0,0,0,1,0,0,0,0
se004,turure,7TuA1,1,prey,y,366,0,91,2.7,0.540329475,1.11058971,1.415807728,3.661503176,1.758154622,1,1,36,36,195,108,108,0,0,900,0,15,900,6,0.17,28.8,am,-0.736219398,0.925302816,1.13425574,sand,2,y,A,up,0,0,0,1,0,0,0,0
se005,turure,7TuA2,1,prey,y,389,0,65,7,0.862131379,1.155336037,1.414304688,3.038194798,1.727134424,1,1,38,32,102,170,69,10,0,191,709,15,900,6,0.17,28.8,am,-0.612297418,0.034615941,-1.57750002,leaf_litter,5,y,A,up,0,0,0,1,0,0,0,0
se006,turure,7TuA3,1,prey,y,434,0,87,3,0.541579244,1.100370545,1.41480628,3.486940281,1.46834733,1,1,12,9,170,120,8,5,0,577,323,15,900,6,0.17,28.8,am,-0.583976357,0.842067773,1.009471714,silt,1,y,A,up,0,0,0,1,1,0,0,0
se007,guanapo,5GuB2,1,prey,n,316,0.017033339,81,10,0.571708832,1.220108088,1.422425676,3.603866153,1.76952502,1,1,12,12,28,30,30,0,0,900,0,15,900,10,0.1,21.4,am,0.818835517,0.181939455,-0.187987817,pebbles,3,y,B,mid,1,0,0,1,0,0,0,0
se008,guanapo,5GuB3,1,prey,n,360,0.017033339,49,7,0.579783597,1.204119983,1.425860145,4.341619085,0.687528961,1,1,12,12,272,40,45,0,0,900,0,15,900,10,0.1,21.4,am,2.003631124,-0.420009253,-0.233583703,rock,4,y,B,mid,1,0,0,1,0,0,0,0
se009,guanapo,5GuB1,1,prey,n,478,0.089905111,68,10.5,0.376576957,1.204119983,1.425860145,2.359968216,1.754424789,1,1,7,7,223,77,77,0,0,900,0,15,900,10,0,25.4,am,-0.314282098,-0.695093274,-0.403626979,pebbles,3,y,B,mid,1,0,0,1,0,0,0,0
se010,guanapo,5GuB2,1,control,n,388,0.017033339,81,10,0.571708832,1.220108088,1.420615771,3.605943625,1.76952502,1,1,3,3,18,2,2,0,0,900,0,15,900,0,NA,NA,am,0.787365824,0.133510273,-0.162786171,pebbles,3,y,B,mid,0,0,0,1,0,0,0,0
se011,guanapo,5GuB3,1,control,n,423,0.017033339,49,7,0.579783597,1.204119983,1.43055877,4.551367035,0.687528961,1,1,9,7,72,102,100,0,0,900,0,15,900,0,NA,NA,am,2.26788443,-0.269642735,-0.187386519,rock,4,y,B,mid,1,0,0,1,0,1,0,0
se012,guanapo,5GuB1,1,control,n,521,0.089905111,68,10.5,0.376576957,1.204119983,1.416973173,2.976625052,1.754424789,1,1,5,5,196,8,8,0,0,900,0,15,900,0,NA,NA,am,0.045798423,-0.863428669,0.034766838,pebbles,3,y,B,mid,0,0,0,1,0,0,0,0
se013,st joseph,1StA1,1,control,y,205,0,44,5,0.305351369,1.190331698,1.42357352,4.486863849,1.610234175,1,1,8,8,137,83,83,0,0,900,0,15,900,0,NA,NA,am,0.283553157,-0.230710626,0.705423537,silt,1,y,A,up,1,1,0,0,0,0,0,0
se014,st joseph,1StA2,1,control,y,268,0,81,4,0.357934847,1.190331698,1.423900919,4.501946125,1.877486528,1,1,21,18,76,657,117,1,1,645,195,14,840,0,NA,NA,am,0.3359593,0.553716684,1.576711273,rock,4,y,A,up,1,1,0,0,0,1,0,0
se015,st joseph,1StA3,1,control,y,225,0,73,6,0.488550717,1.187520721,1.414973348,4.477127045,1.914607568,1,1,11,6,409,118,105,0,0,900,0,15,900,0,NA,NA,am,0.323990382,0.207714698,0.786109162,sand,2,y,A,up,1,1,0,0,0,1,0,0
se016,st joseph,1StA1,1,prey,y,285,0,44,5,0.305351369,1.190331698,1.41313205,3.750714308,1.610234175,1,1,59,58,81,685,819,227,227,324,576,15,900,6,0,25.8,am,-0.532820343,-0.59579022,0.462657172,silt,1,y,A,up,1,1,0,0,0,1,0,0
se017,st joseph,1StA2,1,prey,y,301,0,81,4,0.357934847,1.190331698,1.420285885,4.507945823,1.877486528,1,1,31,31,189,848,927,384,384,31,869,15,900,6,0,25.8,am,0.274672957,0.457198034,1.628008025,rock,4,y,A,up,1,1,0,0,0,0,0,0
se018,st joseph,1StA3,1,prey,y,318,0,73,6,0.488550717,1.187520721,1.420450859,4.364999691,1.914607568,1,1,83,80,103,746,1407,5,5,213,687,15,900,6,0,25.8,am,0.32942091,0.342158682,0.654925443,sand,2,y,A,up,1,1,0,0,0,1,0,0
se019,st joseph,1StB1,1,prey,n,443,0,55,2,0.240549248,1.089905111,1.442322956,2.752609209,1.874829578,1,1,89,86,68,867,1499,328,325,182,718,15,900,8,0,21,pm,-2.013900856,0.950850994,0.496326117,leaf_litter,5,y,B,mid,1,1,0,0,0,1,0,0
se020,st joseph,1StB2,1,prey,n,464,0,69,4,0.336459734,1.08278537,1.43949059,3.154463536,1.82724,1,1,18,18,167,794,868,358,358,206,694,15,900,8,0,21,pm,-1.181092412,1.309137299,0.637367276,pebbles,3,y,B,mid,1,1,0,0,0,0,0,0
se021,st joseph,1StB3,1,prey,n,484,0,62,6,0.252853031,1.025305865,1.445915414,4.485898373,0.709269961,1,1,38,38,195,873,911,1,1,51,849,15,900,8,0,21,pm,1.392746434,1.837281986,1.60448013,silt,1,y,B,mid,1,1,0,0,0,0,0,0
se022,st joseph,1StB1,1,control,n,508,0,55,2,0.240549248,1.089905111,1.442636526,3.384675923,1.874829578,1,1,30,27,86,140,140,0,0,900,0,15,900,0,NA,NA,pm,-1.471808972,1.031676963,0.820083277,leaf_litter,5,y,B,mid,0,1,0,0,0,1,0,0
se023,st joseph,1StB2,1,control,n,525,0,69,4,0.336459734,1.08278537,1.439016728,2.939818663,1.82724,1,1,33,33,14,400,402,0,0,900,0,15,900,0,NA,NA,pm,-1.371928106,1.271810941,0.532318564,pebbles,3,y,B,mid,1,1,0,0,0,0,0,0
se024,st joseph,1StB3,1,control,n,545,0,62,8,0.252853031,1.025305865,1.442322956,4.294382446,0.709269961,1,1,36,36,174,618,621,0,0,900,0,15,900,0,NA,NA,pm,1.44524199,1.780626477,1.388182261,silt,1,y,B,mid,1,1,0,0,0,0,0,0
se025,lopinot,3LoA1,1,control,y,203,0,55,2,0.371067862,1.167317335,1.397766256,3.27578801,1.860816964,1,0,1,0,217,4,0,0,0,900,0,15,900,0,NA,NA,am,-1.907530689,-0.745701257,0.711562592,sand,2,n,A,up,0,0,1,0,0,0,0,0
se026,lopinot,3LoA2,1,control,y,222,0,53,7,0.523746467,1.212187604,1.399154334,4.227377588,1.581494542,1,1,7,7,122,67,67,0,0,900,0,15,900,0,NA,NA,am,0.275163678,-0.851669679,0.117154895,sand,2,n,A,up,0,1,0,0,0,0,0,0
se027,lopinot,3LoA3,1,control,y,251,0.012837225,64,4,0.344392274,1.167317335,1.397592434,3.827261332,1.746634199,1,1,2,2,201,4,4,0,0,900,0,15,900,0,NA,NA,am,-0.880448103,-0.567598677,1.242596032,pebbles,3,n,A,up,0,0,0,1,0,0,0,0
se028,lopinot,3LoA1,1,prey,y,280,0,55,2,0.371067862,1.167317335,1.404491618,3.388532794,1.860816964,0,0,0,0,900,0,0,0,0,900,0,15,900,5,0,30.6,am,-1.688374643,-0.551947483,0.680417508,sand,2,y,A,up,0,0,0,0,0,0,0,0
se029,lopinot,3LoA2,1,prey,y,298,0,53,7,0.523746467,1.212187604,1.411451342,4.47194076,1.581494542,1,1,7,7,138,729,747,101,101,167,733,15,900,5,0,30.6,am,0.708476578,-0.493000167,0.080138331,sand,2,y,A,up,1,1,0,0,0,0,0,0
se030,lopinot,3LoA3,1,prey,y,319,0.012837225,64,4,0.344392274,1.167317335,1.405517107,3.60549144,1.746634199,1,1,3,3,275,747,750,123,118,100,800,15,900,5,0,30.6,am,-0.923120236,-0.379910152,1.021908586,pebbles,3,y,A,up,1,1,0,0,0,1,0,0
se031,lopinot,3LoB1,1,prey,n,445,0,60,2,0.26245109,1.045322979,1.431202885,4.139748779,0.859138297,1,1,17,17,73,856,1692,258,258,89,811,15,900,9,0,23,pm,0.149569056,1.111883093,1.777668898,pebbles,3,y,B,mid,1,1,0,0,0,0,0,0
se032,lopinot,3LoB2,1,prey,n,463,0,59,4,0.267171728,1.164352856,1.432969291,3.18593859,1.852418993,1,1,6,6,424,221,221,1,1,699,201,15,900,9,0,23,pm,-1.057232799,0.3720977,0.550494208,leaf_litter,5,y,B,mid,1,1,0,0,0,0,0,0
se033,lopinot,3LoB3,1,prey,n,481,0,62,9.5,0.434568904,1.170261715,1.438384107,3.918948831,1.856245401,1,1,20,20,10,91,91,1,1,664,236,15,900,9,0,23,pm,0.584751925,0.770109543,-0.161847306,silt,1,y,B,mid,1,0,0,0,0,0,0,0
se034,lopinot,3LoB1,1,control,n,508,0,60,2,0.26245109,1.045322979,1.428296814,4.156545214,0.859138297,1,1,45,45,116,325,340,0,0,900,0,15,900,0,NA,NA,pm,0.110461784,1.035664593,1.82511775,pebbles,3,n,B,mid,1,1,0,0,0,0,0,0
se035,lopinot,3LoB2,1,control,n,526,0,59,4,0.267171728,1.164352856,1.428782511,2.586812269,1.852418993,1,1,8,8,227,72,71,1,1,462,438,15,900,0,NA,NA,pm,-1.642491241,0.190896577,0.295452671,leaf_litter,5,n,B,mid,1,1,0,0,0,0,0,0
se036,lopinot,3LoB3,1,control,n,543,0,62,9.5,0.434568904,1.170261715,1.432167269,3.420792157,1.856245401,1,1,12,12,90,104,104,0,0,900,0,15,900,0,NA,NA,pm,0.047895484,0.545886169,-0.337444371,silt,1,n,B,mid,1,0,0,0,0,0,0,0
se037,lopinot,3LoC1,1,control,y,203,0.033423755,40,8,0.421603927,1.184691431,1.410439786,3.505954036,1.768860001,1,1,1,1,890,14,14,0,0,900,0,15,900,0,NA,NA,am,-0.547887948,-0.972107856,-0.416005975,leaf_litter,5,n,C,down,0,1,0,0,0,0,0,0
se038,lopinot,3LoC2,1,control,y,221,0,62,12,0.414973348,1.198657087,1.410102077,3.680861063,1.804139432,0,0,0,0,615,0,0,0,0,900,0,15,900,0,NA,NA,am,0.419915427,-0.140333723,-0.08263309,leaf_litter,5,n,C,down,0,0,0,0,0,0,0,0
se039,lopinot,3LoC3,1,control,y,240,0.029383778,58,8,0.336459734,1.193124598,1.40534636,3.665443083,1.727785174,0,0,0,0,198,0,0,0,0,900,0,15,900,0,NA,NA,am,-0.213059808,-0.721173988,0.562081853,pebbles,3,n,C,down,0,0,0,0,0,0,0,0
se040,lopinot,3LoC1,1,prey,y,262,0.033423755,40,8,0.421603927,1.184691431,1.40688067,3.368249685,1.768860001,1,1,1,1,708,69,69,0,0,900,0,15,900,6,0,23.8,am,-0.730086276,-1.08358217,-0.440012849,leaf_litter,5,n,C,down,1,0,0,0,0,0,0,0
se041,lopinot,3LoC2,1,prey,y,280,0,62,12,0.414973348,1.198657087,1.417803723,4.212169753,1.804139432,1,1,21,21,215,733,1058,8,8,426,474,15,900,6,0,23.8,am,1.012165955,0.127612233,0.090373667,leaf_litter,5,n,C,down,1,1,0,0,0,0,0,0
se042,lopinot,3LoC3,1,prey,y,298,0.029383778,58,8,0.336459734,1.193124598,1.409595019,3.671425567,1.727785174,1,1,5,5,501,110,125,0,0,900,0,15,900,6,0,23.8,am,-0.129971812,-0.606245199,0.50855641,pebbles,3,n,C,down,1,1,0,0,0,0,0,0
se043,caura,2CaC1,1,prey,n,500,0.133538908,52,12.5,0.382017043,1.214843848,1.418798291,2.802411092,1.763353109,1,1,20,20,38,515,785,146,146,276,624,15,900,6,0,28.5,pm,0.115347628,-1.607742939,-0.682733832,rock,4,n,C,down,1,1,0,0,0,0,0,0
se044,caura,2CaC2,1,prey,n,517,0.012837225,74,11,0.380211242,1.158362492,1.416307587,3.023170121,1.773640193,1,1,7,7,146,101,101,3,3,164,736,15,900,6,0,28.5,pm,-0.164435695,0.331712491,0.158466315,pebbles,3,n,C,down,0,1,0,0,0,0,0,0
se045,caura,2CaC3,1,prey,n,536,0.025305865,60,9,0.328379603,1.184691431,1.417305583,3.410135859,1.770483809,1,1,4,4,141,46,46,0,0,900,0,15,900,6,0,28.5,pm,-0.153135446,-0.251663817,0.275577919,leaf_litter,5,n,C,down,0,1,0,0,0,1,0,0
se046,caura,2CaC1,1,control,n,565,0.133538908,52,12.5,0.382017043,1.214843848,1.416640507,2.968422236,1.763353109,1,1,2,1,359,541,2,0,0,900,0,15,900,0,NA,NA,pm,0.216594745,-1.646750075,-0.567841299,rock,4,n,C,down,0,1,1,0,0,0,0,0
se047,caura,2CaC3,1,control,n,596,0.012837225,74,11,0.380211242,1.158362492,1.41763774,3.179232847,1.773640193,1,1,5,5,316,62,62,0,0,900,0,15,900,0,NA,NA,pm,-0.007586572,0.385354183,0.221707418,pebbles,3,n,C,down,0,1,0,1,0,0,0,0
se048,caura,2CaC2,1,control,n,605,0.025305865,60,9,0.328379603,1.184691431,1.41713941,2.872994904,1.770483809,1,1,1,1,705,17,17,0,0,900,0,15,900,0,NA,NA,pm,-0.611972542,-0.31765398,-0.000893305,leaf_litter,5,n,C,down,0,1,0,0,0,0,0,0
se049,caura,2CaB1,1,prey,n,246,0.049218023,73,10,0.342422681,1.127104798,1.417471693,3.782458291,1.756103372,1,1,51,51,149,803,843,61,61,289,611,15,900,10,0.43,27.7,am,0.252494347,0.266520624,0.855124432,pebbles,3,n,B,mid,1,1,0,0,0,0,0,0
se050,caura,2CaB2,1,prey,n,283,0.164352856,65,7,0.367355921,1.195899652,1.419790586,4.022837727,1.447778009,1,1,1,1,769,25,25,0,0,900,0,15,900,10,0.43,27.7,am,0.936812498,-1.535221247,0.982724851,pebbles,3,n,B,mid,0,1,0,0,0,0,0,0
se051,caura,2CaB3,1,prey,n,302,0.127104798,53,8,0.29666519,1.184691431,1.428296814,4.163302438,1.768638101,1,1,5,5,342,64,64,0,0,900,0,15,900,10,0.43,27.7,am,0.61119515,-1.029708323,0.672007647,leaf_litter,5,n,B,mid,1,0,0,0,0,0,0,0
se052,caura,2CaB1,1,control,n,322,0.049218023,73,10,0.342422681,1.127104798,1.421603927,3.315424512,1.756103372,1,1,1,1,391,2,2,0,0,900,0,15,900,0,NA,NA,am,-0.067928901,0.324141516,0.55773465,pebbles,3,n,B,mid,1,0,0,0,0,0,0,0
se053,caura,2CaB2,1,control,n,355,0.164352856,65,7,0.367355921,1.195899652,1.425371166,4.138481749,1.447778009,1,1,2,2,68,22,22,0,0,900,0,15,900,0,NA,NA,am,1.137408788,-1.371917824,0.968342508,pebbles,3,n,B,mid,0,1,0,0,0,0,0,0
se054,caura,2CaB3,1,control,n,375,0.127104798,53,8,0.29666519,1.184691431,1.420285885,2.940979419,1.768638101,1,1,1,1,421,4,4,0,0,900,0,15,900,0,NA,NA,am,-0.573087991,-1.385116586,0.144602661,leaf_litter,5,n,B,mid,1,0,0,0,0,0,0,0
se055,caura,2CaA1,1,control,y,483,0.164352856,55,5,0.62838893,1.136720567,1.429267666,3.626053823,1.836197481,0,0,0,0,900,0,0,0,0,900,0,15,900,0,NA,NA,pm,-0.331955885,-1.18427636,-0.451450371,leaf_litter,5,n,A,up,0,0,0,0,0,0,0,0
se056,caura,2CaA2,1,control,y,502,0,60,7,0.643452676,1.158362492,1.42373725,3.5305749,2.003632837,1,1,4,4,215,30,30,0,0,900,0,15,900,0,NA,NA,pm,-0.545678177,0.280159348,-0.8326312,pebbles,3,n,A,up,1,0,0,0,0,0,0,0
se057,caura,2CaA3,1,control,y,526,0.173186268,52,2,0.672097858,1.170261715,1.421603927,3.630732893,1.836197481,1,1,1,1,453,2,2,0,0,900,0,15,900,0,NA,NA,pm,-0.721978232,-1.871012443,-0.406620346,sand,2,n,A,up,1,0,0,0,0,0,0,0
se058,caura,2CaA1,1,prey,y,548,0.164352856,55,5,0.62838893,1.136720567,1.420615771,3.339954018,1.836197481,1,1,7,5,508,412,412,85,85,660,240,15,900,9,0.11,26.9,pm,-0.733584681,-1.449688669,-0.484569186,leaf_litter,5,n,A,up,0,1,1,0,0,0,0,0
se059,caura,2CaA2,1,prey,y,567,0,60,7,0.643452676,1.158362492,1.422917981,3.742421097,2.003632837,1,1,3,3,265,33,33,0,0,900,0,15,900,9,0.11,26.9,pm,-0.380961056,0.282393735,-0.711798701,pebbles,3,n,A,up,1,0,0,0,0,0,0,0
se060,caura,2CaA3,1,prey,y,583,0.173186268,52,2,0.672097858,1.170261715,1.422753941,3.532677957,1.836197481,1,1,2,2,323,25,12,1,1,170,730,15,900,9,0.11,26.9,pm,-0.784065883,-1.851320144,-0.472822678,sand,2,n,A,up,1,0,0,0,0,0,1,0
se061,aripo,6ArB1,1,control,y,265,0.012837225,79,5,0.426511261,1.164352856,1.408748606,3.627222434,1.987398099,1,0,10,0,39,781,0,2,0,609,351,16,960,0,NA,NA,am,-0.794668839,0.092834644,0.9649613,leaf_litter,5,n,B,mid,0,0,0,0,1,0,0,0
se062,aripo,6ArB2,1,control,y,286,0,59,5,0.462397998,1.164352856,1.417803723,4.332035692,1.672282625,1,0,13,0,56,557,0,5,0,510,390,15,900,0,NA,NA,am,0.110755386,0.078114612,0.565435224,leaf_litter,5,n,B,mid,0,0,0,0,1,0,0,0
se063,aripo,6ArB3,1,control,y,304,0.004321374,66,3,0.340444115,1.161368002,1.405858399,4.09473903,1.741781696,1,0,14,0,70,249,0,1,0,849,51,15,900,0,NA,NA,am,-0.655591489,-0.179510194,1.426587155,pebbles,3,n,B,mid,0,0,0,0,1,0,0,0
se064,aripo,6ArB1,1,prey,y,327,0.012837225,79,5,0.426511261,1.164352856,1.406369835,3.59754162,1.987398099,1,0,18,0,20,809,0,8,0,178,722,15,900,9,0,22.8,am,-0.863531943,0.025471577,0.981267998,leaf_litter,5,n,B,mid,0,0,0,0,1,0,0,0
se065,aripo,6ArB2,1,prey,y,348,0,59,5,0.462397998,1.164352856,1.409595019,4.032833438,1.672282625,1,0,11,0,115,808,0,3,0,267,633,15,900,9,0,22.8,am,-0.293853733,-0.17688129,0.519611249,leaf_litter,5,n,B,mid,0,0,0,0,1,0,0,0
se066,aripo,6ArB3,1,prey,y,365,0.004321374,66,3,0.340444115,1.161368002,1.40534636,3.853738963,1.741781696,1,0,5,0,232,103,0,0,0,900,0,15,900,9,0,22.8,am,-0.869491621,-0.220881719,1.308373368,pebbles,3,n,B,mid,0,0,0,0,1,0,0,0
se067,aripo,6ArA1,1,prey,n,511,0,40,5,0.788875116,1.056904851,1.405175546,2.642197332,1.761702368,1,0,4,0,24,871,0,54,0,25,875,15,900,11,0.5,22.8,pm,-2.323428463,-0.149178198,-1.742405774,leaf_litter,5,n,A,up,0,0,0,0,1,0,0,0
se068,aripo,6ArA2,1,prey,n,531,0,55,4,0.788875116,1.056904851,1.40363519,2.634809665,1.764400323,1,0,7,0,2,886,0,15,0,9,891,15,900,11,0.5,22.8,pm,-2.298792091,0.095477847,-1.215774828,leaf_litter,5,n,A,up,0,0,0,0,1,0,0,0
se069,aripo,6ArA3,1,prey,n,556,0,32,2,0.29666519,1.056904851,1.40363519,3.110050716,1.811239773,1,0,3,0,350,180,0,7,0,729,171,15,900,11,0.5,22.8,pm,-2.790879135,-0.321434968,0.408806864,pebbles,3,n,A,up,0,0,0,0,1,0,0,0
se070,aripo,6ArA1,1,control,n,585,0,40,5,0.788875116,1.056904851,1.402089351,2.180699201,1.761702368,1,0,23,0,24,828,0,6,0,308,592,15,900,0,NA,NA,pm,-2.771695441,-0.285021973,-1.940710786,leaf_litter,5,n,A,up,0,0,0,0,1,0,0,0
se071,aripo,6ArA2,1,control,n,600,0,55,4,0.788875116,1.056904851,1.401572846,2.051538391,1.764400323,1,0,18,0,10,580,0,1,0,93,807,15,900,0,NA,NA,pm,-2.831589119,-0.026782651,-1.490906348,leaf_litter,5,n,A,up,0,0,0,0,1,0,0,0
se072,aripo,6ArA3,1,control,n,621,0,32,2,0.29666519,1.100370545,1.400192489,2.997792526,1.811239773,1,0,3,0,172,58,0,0,0,900,0,15,900,0,NA,NA,pm,-2.725779398,-0.728751253,0.309594048,pebbles,3,n,A,up,0,0,0,0,1,0,0,0
se073,st joseph,1StC1,1,prey,n,244,0,40,7,0.57634135,1.193124598,1.417803723,3.368547198,1.856245401,0,0,0,0,900,0,0,0,0,900,0,15,900,10,0.3,19.7,am,-0.722478786,-0.569064273,-1.182930415,rock,4,n,C,down,0,0,0,0,0,0,0,0
se074,st joseph,1StC2,1,prey,n,266,0,45,8,0.173186268,1.1430148,1.425371166,3.953959161,1.704322141,1,1,4,4,141,101,101,0,0,900,0,15,900,10,0.3,19.7,am,-0.132955247,0.228932174,0.761627585,leaf_litter,5,n,C,down,1,0,0,0,0,1,0,0
se075,st joseph,1StC3,1,prey,n,298,0,50,5,0.139879086,1.187520721,1.443419462,4.623068297,1.790636962,1,1,0,0,70,0,0,1,0,214,686,15,900,10,0.3,19.7,am,0.511117797,0.509138962,1.274060159,sand,2,n,C,down,0,0,0,1,0,0,0,0
se076,st joseph,1StC1,1,control,n,324,0,40,7,0.57634135,1.193124598,1.43055877,2.889900896,1.856245401,0,0,0,0,900,0,0,0,0,900,0,15,900,0,NA,NA,am,-0.894428229,-0.280911795,-1.60127654,rock,4,y,C,down,0,0,0,0,0,0,0,0
se077,st joseph,1StC2,1,control,n,345,0,45,8,0.173186268,1.1430148,1.424228071,2.969788537,1.704322141,1,1,2,1,356,11,6,0,0,900,0,15,900,0,NA,NA,am,-0.989052896,0.085472325,0.266244065,leaf_litter,5,y,C,down,0,1,0,0,0,1,0,0
se078,st joseph,1StC3,1,control,n,365,0,50,5,0.139879086,1.187520721,1.425044875,3.653038761,1.790636962,1,1,35,15,242,130,98,0,0,900,0,15,900,0,NA,NA,am,-0.649376049,-0.096044447,1.015687888,sand,2,y,C,down,1,1,0,1,0,1,0,0
se079,turure,7TuB1,1,prey,n,161,0.158362492,45,4,0.357934847,1.170261715,1.404662701,2.886868453,1.782544284,1,1,1,1,517,12,12,0,0,900,0,15,900,9,0,24.6,am,-1.586033436,-2.31430292,0.262332276,leaf_litter,5,n,B,mid,1,0,0,0,0,1,0,0
se080,turure,7TuB2,1,prey,n,182,0.184691431,55,8,0.290034611,1.198657087,1.400883216,3.197867493,1.868291688,1,1,5,5,87,305,305,6,6,130,770,15,900,9,0,24.6,am,-0.6500943,-2.477503026,0.64864215,leaf_litter,5,n,B,mid,1,0,0,0,0,1,0,0
se081,turure,7TuB3,1,prey,n,200,0.008600172,59,5,0.382017043,1.161368002,1.403806611,3.755534144,1.68547302,1,1,54,13,103,905,544,30,21,108,792,15,900,9,0,24.6,am,-0.693033064,-0.413530062,0.775251266,leaf_litter,5,n,B,mid,1,1,0,0,0,1,0,1
se082,turure,7TuB1,1,control,n,230,0.158362492,45,4,0.357934847,1.170261715,1.411282913,3.018117721,1.782544284,1,1,5,5,39,149,149,0,0,900,0,15,900,0,NA,NA,am,-1.353106292,-2.121257133,0.242189436,leaf_litter,5,y,B,mid,1,0,0,1,0,0,0,0
se083,turure,7TuB2,1,control,n,249,0.184691431,55,8,0.290034611,1.198657087,1.409425869,3.506640306,1.868291688,1,1,11,8,8,104,100,0,0,900,0,15,900,0,NA,NA,am,-0.231232379,-2.212431288,0.694980516,leaf_litter,5,y,B,mid,1,0,0,1,0,1,0,0
se084,turure,7TuB3,1,control,n,266,0.008600172,59,5,0.382017043,1.161368002,1.420615771,4.485183619,1.68547302,1,1,28,9,116,160,108,0,0,900,0,15,900,0,NA,NA,am,0.234745,0.12202794,0.929771784,leaf_litter,5,y,B,mid,1,1,0,1,0,1,0,1
se085,aripo,6ArC1,1,prey,n,233,0,60,5,0.683947131,1.161368002,1.435844366,3.449991844,1.754118894,1,1,43,28,12,920,1822,195,193,118,782,15,900,10,0.3,19.9,am,-0.307901435,0.480481547,-0.966655189,leaf_litter,5,n,C,down,1,1,0,0,0,1,0,1
se086,aripo,6ArC2,1,prey,n,251,0,53,8.5,0.563481085,1.167317335,1.4363217,4.006000691,1.747722462,1,1,22,20,206,423,457,4,4,373,527,15,900,10,0.3,19.9,am,0.549600731,0.492775652,-0.722405366,leaf_litter,5,n,C,down,1,1,0,0,0,1,0,1
se087,aripo,6ArC3,1,prey,n,270,0,53,12,0.608526034,1.176091259,1.442636526,4.408086069,0,1,1,0,0,4,0,0,0,0,960,0,16,960,10,0.3,19.9,am,3.873871914,0.558168038,-0.619567505,pebbles,3,n,C,down,0,0,0,1,0,0,0,0
se088,aripo,6ArC1,1,control,n,301,0,60,5,0.683947131,1.161368002,1.446692466,4.323822601,1.754118894,1,1,63,42,22,888,1150,1,1,327,573,15,900,0,NA,NA,am,0.632766492,0.87226458,-0.657875229,leaf_litter,5,n,C,down,1,1,0,1,0,1,0,1
se089,aripo,6ArC2,1,control,n,320,0,53,8.5,0.563481085,1.167317335,1.44870632,3.937333804,1.747722462,1,1,11,8,264,98,103,0,0,900,0,15,900,0,NA,NA,am,0.71873389,0.817924928,-0.923103576,leaf_litter,5,n,C,down,1,1,0,0,0,1,0,1
se090,aripo,6ArC3,1,control,n,336,0,53,12,0.608526034,1.176091259,1.460446784,4.688692683,0,1,1,2,2,147,25,25,0,0,900,0,15,900,0,NA,NA,am,4.439000502,1.069213396,-0.711368342,pebbles,3,n,C,down,1,0,0,1,0,1,0,0
se091,arima,4ArA1,1,prey,n,223,0,45,12,0.73239376,1.123851641,1.399327532,3.531487858,1.202760687,1,1,3,3,232,35,35,0,0,900,0,15,900,11,0.09,18.4,am,0.429836685,-0.399957148,-1.408969142,silt,1,n,A,up,1,0,0,0,0,0,0,0
se092,arima,4ArA2,1,prey,n,242,0,56,10,0.781036939,1.1430148,1.397418542,4.083755884,1.390405156,1,1,24,24,124,410,532,30,30,174,726,15,900,11,0.09,18.4,am,0.606024117,-0.336749505,-0.89144977,silt,1,n,A,up,1,1,0,0,0,0,0,0
se093,arima,4ArA3,1,prey,n,263,0,50,12,0.835056102,1.152288344,1.402261382,4.24238413,0.390935107,1,1,3,3,452,17,17,0,0,900,0,15,900,11,0.09,18.4,am,2.423387469,-0.435192138,-1.173778046,silt,1,n,A,up,1,0,0,0,0,0,0,0
se094,arima,4ArA1,1,control,n,294,0,45,12,0.73239376,1.123851641,1.403120521,4.043744525,1.202760687,0,0,0,0,840,0,0,0,0,840,0,14,840,0,NA,NA,am,0.934152117,-0.239294487,-1.193749646,silt,1,y,A,up,0,0,0,0,0,0,0,0
se095,arima,4ArA2,1,control,n,311,0,56,10,0.781036939,1.1430148,1.402261382,3.853130338,1.390405156,1,1,23,23,18,257,265,0,0,840,0,14,840,0,NA,NA,am,0.499250625,-0.232943684,-1.075654808,silt,1,y,A,up,1,1,0,0,0,0,0,0
se096,arima,4ArA3,1,control,n,329,0,50,12,0.835056102,1.152288344,1.404149249,3.651452472,0.390935107,1,1,11,11,335,128,128,0,0,900,0,15,900,0,NA,NA,am,1.956621966,-0.45211151,-1.505535429,silt,1,y,A,up,1,0,0,0,0,0,0,0
se097,arima,4ArB1,1,control,n,206,0.173186268,59,2,0.521138084,1.152288344,1.406369835,3.534711293,1.718916686,1,1,1,1,644,61,61,0,0,900,0,15,900,0,NA,NA,am,-0.999765417,-2.009257478,0.590228834,pebbles,3,y,B,mid,0,1,0,0,0,0,0,0
se098,arima,4ArB2,1,control,n,227,0,52,10,0.56937391,1.146128036,1.404491618,3.834467119,1.222716471,1,1,16,16,171,244,272,0,0,900,0,15,900,0,NA,NA,am,0.60406344,-0.268653129,-0.382340888,pebbles,3,y,B,mid,1,1,0,0,0,0,0,0
se099,arima,4ArB3,1,control,n,243,0,58,10,0.592176757,1.133538908,1.401745082,3.872983268,1.389343311,1,1,14,14,92,337,339,1,1,32,868,15,900,0,NA,NA,am,0.393947619,-0.108754828,-0.260022819,pebbles,3,y,B,mid,1,1,0,0,0,0,0,0
se100,arima,4ArB1,1,prey,y,267,0.173186268,59,2,0.521138084,1.152288344,1.40534636,3.40825184,1.718916686,1,1,8,8,45,124,124,6,6,695,205,15,900,11,0.09,27,am,-1.125863902,-2.05126217,0.53825923,pebbles,3,n,B,mid,0,1,0,0,0,0,0,0
se101,arima,4ArB2,1,prey,y,298,0,52,10,0.56937391,1.146128036,1.428296814,4.634712995,1.222716471,1,1,22,22,89,236,244,8,8,648,252,15,900,11,0.09,27,am,1.720202907,0.463109389,-0.284441147,pebbles,3,n,B,mid,1,1,0,0,0,0,0,0
se102,arima,4ArB3,1,prey,y,315,0,58,10,0.592176757,1.133538908,1.416141031,4.203989675,1.389343311,1,1,24,24,228,576,586,46,46,315,585,15,900,11,0.09,27,am,0.939150753,0.316254641,-0.280166114,pebbles,3,n,B,mid,1,1,0,0,0,0,0,0
se103,arima,4ArC1,1,prey,n,457,0.08278537,60,3,1.156851901,1.201397124,1.460747542,3.278936423,1.514282048,1,0,5,0,154,7,0,0,0,900,0,15,900,10,0.2,22.8,am,0.617076702,-0.106292148,-2.927850195,sand,2,n,C,down,0,0,0,0,0,1,0,0
se104,arima,4ArC2,1,prey,n,476,0.201397124,45,5,1.102090526,1.198657087,1.454234896,2.296511625,1.840670561,0,0,0,0,900,0,0,0,0,900,0,15,900,10,0.2,22.8,am,-0.530152362,-1.734726039,-3.641943295,sand,2,n,C,down,0,0,0,0,0,0,0,0
se105,arima,4ArC3,1,prey,n,493,0,53,2,1.10720997,1.198657087,1.453624074,2.8989061,1.653694795,1,1,1,1,425,6,6,0,0,900,0,15,900,10,0.2,22.8,am,-0.433772966,0.322248009,-3.108871513,silt,1,n,C,down,1,0,0,0,0,0,0,0
se106,guanapo,5GuA1,1,control,y,357,0.252853031,71,4,0.42975228,1.149219113,1.414137362,3.969055559,1.717087725,1,1,3,1,212,12,6,0,0,900,0,15,900,0,NA,NA,am,0.03135106,-2.171156527,1.361560399,pebbles,3,y,A,up,1,0,0,1,0,1,0,0
se107,guanapo,5GuA2,1,control,y,376,0.28780173,63,7,0.432969291,1.164352856,1.412460547,4.247605064,0.004321374,1,1,3,0,344,6,0,0,0,900,0,15,900,0,NA,NA,am,2.950490741,-2.892063713,1.508490302,rock,4,y,A,up,0,0,0,1,0,1,0,0
se108,guanapo,5GuA1,1,prey,y,417,0,69,3,0.416640507,1.155336037,1.413467413,4.123810169,1.717087725,1,1,3,3,48,19,19,0,0,900,0,15,900,10,0.3,21.9,am,-0.418978694,0.16174871,1.146775928,pebbles,3,y,A,up,1,0,0,1,0,0,0,0
se109,guanapo,5GuA2,1,prey,y,434,0.252853031,71,4,0.42975228,1.149219113,1.412964272,4.365355617,0.004321374,1,1,7,0,63,34,0,0,0,900,0,15,900,10,0.3,21.9,am,2.60818897,-2.344676495,2.030267379,rock,4,y,A,up,0,0,0,1,0,1,0,0
se110,guanapo,5GuA3,1,prey,n,468,0.041392685,53,4,0.451786436,1.155336037,1.405858399,3.572438253,1.756483964,1,1,7,1,126,27,16,0,0,900,0,15,900,10,0.3,21.9,am,-1.067814925,-0.81524317,0.338376123,pebbles,3,y,A,up,1,0,0,1,0,1,0,0
se111,guanapo,5GuA3,1,control,n,493,0,69,3,0.416640507,1.155336037,1.410102077,3.396361523,1.756483964,1,1,14,14,74,80,81,0,0,840,0,14,840,0,NA,NA,am,-1.150072695,-0.007752115,0.803915575,pebbles,3,y,A,up,1,0,0,1,0,0,0,0
se112,aripo,6ArA1,2,control,y,244,0,45,5,0.336459734,1.103803721,1.414304688,2.791690649,1.85388065,1,0,5,0,125,146,0,0,0,900,0,15,900,0,NA,NA,am,-2.063138742,-0.029877258,-0.031690057,leaf_litter,5,n,A,up,0,0,0,0,1,0,0,0
se113,aripo,6ArA2,2,control,y,260,0,55,4,0.336459734,1.103803721,1.408070286,3.145466784,1.764922985,1,0,11,0,12,845,0,3,0,220,680,15,900,0,NA,NA,am,-1.76492261,0.014043458,0.626091862,leaf_litter,5,n,A,up,0,0,0,0,1,0,0,0
se114,aripo,6ArA3,2,control,y,279,0,41,2,0.579783597,1.11058971,1.410945859,3.518724456,1.751817788,1,0,7,0,87,364,0,0,0,900,0,15,900,0,NA,NA,am,-1.694755101,-0.308484275,-0.393970367,pebbles,3,n,A,up,0,0,0,0,1,0,0,0
se115,aripo,6ArA1,2,prey,y,302,0,45,5,0.336459734,1.103803721,1.413634997,3.446526294,1.85388065,1,0,11,0,25,844,0,7,0,50,850,15,900,10,0.7,21.9,am,-1.519780611,0.027117343,0.316986008,leaf_litter,5,y,A,up,0,0,0,0,1,0,0,0
se116,aripo,6ArA2,2,prey,y,318,0,55,4,0.336459734,1.103803721,1.411619706,3.053308981,1.764922985,1,0,10,0,98,392,0,1,0,114,786,15,900,10,0.7,21.9,am,-1.777949688,0.098929603,0.530968051,leaf_litter,5,y,A,up,0,0,0,0,1,0,0,0
se117,aripo,6ArA3,2,prey,y,336,0,41,2,0.579783597,1.11058971,1.418135498,4.017275474,1.751817788,1,0,15,0,68,373,0,0,0,900,0,15,900,10,0.7,21.9,am,-1.139701989,-0.05805777,-0.231134932,pebbles,3,y,A,up,0,0,0,0,1,0,0,0
se118,aripo,6ArB1,2,prey,n,476,0,79,5,0.658011397,1.1430148,1.431846046,3.764838655,1.971971276,1,0,21,0,13,813,0,16,0,17,883,15,900,10,0.2,23.2,am,-0.251542797,0.966394513,-0.128654695,leaf_litter,5,y,B,mid,0,0,0,0,1,0,0,0
se119,aripo,6ArB2,2,prey,n,497,0,60,5,1.163757524,1.11058971,1.430880946,3.886167422,1.672282625,1,0,10,0,24,430,0,2,0,245,655,15,900,10,0.2,23.2,pm,0.052800838,0.670178386,-2.385986913,leaf_litter,5,y,B,mid,0,0,0,0,1,0,0,0
se120,aripo,6ArB3,2,prey,n,514,0,66,3,0.56937391,1.11058971,1.42553422,3.462727338,1.741781696,1,0,18,0,61,796,0,6,0,546,354,15,900,10,0.2,23.2,pm,-0.987037672,0.638020608,0.056264845,pebbles,3,y,B,mid,0,0,0,0,1,0,0,0
se121,aripo,6ArB1,2,control,n,548,0,79,5,0.658011397,1.1430148,1.42258984,3.358073875,1.971971276,1,0,8,0,82,795,0,9,0,246,654,15,900,0,NA,NA,pm,-0.766656762,0.670912225,-0.216323687,leaf_litter,5,n,B,mid,0,0,0,0,1,0,0,0
se122,aripo,6ArB2,2,control,n,572,0,60,5,1.163757524,1.11058971,1.425044875,3.585658091,1.672282625,1,0,2,0,70,29,0,0,0,660,0,11,660,0,NA,NA,pm,-0.309352364,0.478831282,-2.464113295,leaf_litter,5,n,B,mid,0,0,0,0,1,0,0,0
se123,aripo,6ArB3,2,control,n,646,0,66,3,0.56937391,1.11058971,1.420285885,2.789298611,1.741781696,1,0,3,0,201,165,0,0,0,780,0,13,780,0,NA,NA,pm,-1.654836432,0.419764698,-0.223177974,pebbles,3,n,B,mid,0,0,0,0,1,0,0,0
se124,arima,4ArC1,2,control,y,165,0.164352856,51,3,0.901458321,1.184691431,1.416474079,3.592310024,1.444981112,1,1,4,4,64,6,6,0,0,900,0,15,900,0,NA,NA,am,-0.033587136,-2.094823855,-1.285596323,sand,2,y,C,down,0,0,0,1,0,0,0,0
se125,arima,4ArC2,2,control,y,182,0.209515015,50,5,1.031004281,1.164352856,1.412628521,3.309985547,1.815909651,0,0,0,0,900,0,0,0,0,900,0,15,900,0,NA,NA,am,-0.531218421,-2.464125562,-2.060196962,sand,2,y,C,down,0,0,0,0,0,0,0,0
se126,arima,4ArC3,2,control,y,199,0,61,2,1.001733713,1.204119983,1.426023016,4.081970933,1.653694795,0,0,0,0,900,0,0,0,0,900,0,15,900,0,NA,NA,am,0.148179647,-0.137493678,-1.506391771,silt,1,y,C,down,0,0,0,0,0,0,0,0
se127,arima,4ArC1,2,prey,y,221,0.164352856,51,3,0.901458321,1.184691431,1.428134794,4.264901133,1.444981112,0,0,0,0,762,0,0,0,0,900,0,15,900,10,0.5,22.3,am,0.75124158,-1.7042393,-1.092057151,sand,2,y,C,down,0,0,0,0,0,0,0,0
se128,arima,4ArC2,2,prey,y,237,0.209515015,50,5,1.031004281,1.164352856,1.427161403,3.701953757,1.815909651,0,0,0,0,900,0,0,0,0,900,0,15,900,10,0.5,22.3,am,0.06822757,-2.028451746,-2.050536448,sand,2,y,C,down,0,0,0,0,0,0,0,0
se129,arima,4ArC3,2,prey,y,253,0,61,2,1.001733713,1.204119983,1.439963936,4.389605474,1.653694795,0,0,0,0,55,0,0,0,0,900,0,15,900,10,0.5,22.3,am,0.665195803,0.272603452,-1.532596174,silt,1,y,C,down,0,0,0,0,0,0,0,0
se130,turure,7TuB1,2,control,y,414,0.068185862,51,4,0.390935107,1.190331698,1.450557009,3.364213184,1.82445127,1,1,16,10,27,139,152,0,0,900,0,15,900,0,NA,NA,pm,-0.345187484,-0.16549503,-0.238631021,leaf_litter,5,y,B,mid,1,1,0,1,0,1,0,0
se131,turure,7TuB2,2,control,y,433,0,56,8,0.432969291,1.176091259,1.444044796,3.023857169,1.869994,1,1,5,2,50,7,5,0,0,900,0,15,900,0,NA,NA,pm,-0.351807236,0.607616943,-0.758503908,leaf_litter,5,y,B,mid,1,0,0,1,0,1,0,0
se132,turure,7TuB3,2,control,y,450,0,57,5,0.553883027,1.193124598,1.448860846,3.898048537,1.68547302,1,1,27,9,74,245,113,0,0,900,0,15,900,0,NA,NA,pm,0.460997706,0.609335975,-0.541530416,leaf_litter,5,y,B,mid,1,1,0,1,0,1,0,1
se133,turure,7TuB1,2,prey,y,472,0.068185862,51,4,0.390935107,1.190331698,1.447468131,3.632659713,1.82445127,1,1,13,4,35,105,94,0,0,900,0,15,900,10,0.2,24.1,pm,-0.174116035,-0.217806136,-0.05818137,leaf_litter,5,y,B,mid,1,0,0,0,0,1,0,0
se134,turure,7TuB2,2,prey,y,491,0,56,8,0.432969291,1.176091259,1.445292769,3.022234483,1.869994,1,1,13,9,107,151,143,2,1,310,590,15,900,10,0.2,24.1,pm,-0.330269535,0.640988241,-0.77597974,leaf_litter,5,y,B,mid,1,1,0,1,0,1,0,0
se135,turure,7TuB3,2,prey,y,509,0,57,5,0.553883027,1.193124598,1.450710878,3.815130607,1.68547302,1,1,49,38,26,901,1780,219,218,44,856,15,900,10,0.2,24.1,pm,0.424607778,0.649585017,-0.60920955,leaf_litter,5,y,B,mid,1,1,0,1,0,0,0,1
se136,st joseph,1StB1,2,control,y,177,0,50,2,0.324282455,0.995635195,1.41480628,2.489578833,1.837209528,1,1,58,52,50,656,988,1,1,621,279,15,900,0,NA,NA,am,-3.204301872,0.713284841,0.461914593,rock,4,y,B,mid,1,1,0,0,0,1,0,0
se137,st joseph,1StB2,2,control,y,197,0,109,4,0.309630167,0.939519253,1.412796429,2.471100932,1.820070034,1,1,11,11,91,187,202,0,0,900,0,15,900,0,NA,NA,am,-2.449695493,2.358121216,2.171308571,leaf_litter,5,y,B,mid,1,1,0,0,0,1,0,0
se138,st joseph,1StB3,2,control,y,216,0,56,8,0.26245109,0.903089987,1.431524584,4.082033498,1.536558443,1,1,8,7,167,81,82,0,0,900,0,15,900,0,NA,NA,am,-0.731064365,2.276846314,1.242039348,pebbles,3,y,B,mid,1,1,0,0,0,1,0,0
se139,st joseph,1StB1,2,prey,y,239,0,50,2,0.324282455,0.995635195,1.420615771,2.697752274,1.837209528,1,1,45,31,37,883,1229,289,289,46,854,15,900,10,0.2,26.1,am,-2.92098747,0.893341461,0.492488406,rock,4,y,B,mid,1,1,0,0,0,1,0,0
se140,st joseph,1StB2,2,prey,y,257,0,109,4,0.309630167,0.939519253,1.414304688,2.674980486,1.820070034,1,1,43,41,129,891,1162,156,153,357,543,15,900,10,0.2,26.1,am,-2.249001562,2.422028798,2.256984659,leaf_litter,5,y,B,mid,1,1,0,0,0,1,1,0
se141,st joseph,1StB3,2,prey,y,275,0,56,8,0.26245109,0.903089987,1.4448252,4.60539696,1.536558443,1,1,31,30,220,766,1298,251,251,342,558,15,900,10,0.2,26.1,am,-0.042750379,2.694434791,1.336296545,pebbles,3,y,B,mid,1,1,1,0,0,1,0,0
se142,st joseph,1StA1,2,prey,n,419,0,51,5,0.396199347,1.161368002,1.45377686,4.282698227,1.702947246,1,1,43,42,188,778,1382,248,248,546,354,15,900,12,0.5,22.8,pm,0.532767423,0.904204094,0.083046546,silt,1,y,A,up,1,1,1,0,0,1,0,0
se143,st joseph,1StA2,2,prey,n,435,0,83,4,0.371067862,1.149219113,1.451939869,4.553267178,1.394451681,1,1,48,46,102,884,1145,106,106,652,308,16,960,12,0.5,22.8,pm,1.354362276,1.586657318,1.4448414,rock,4,y,A,up,1,1,1,0,0,1,0,0
se144,st joseph,1StA3,2,prey,n,453,0,60,6,0.503790683,1.117271296,1.4448252,3.812400587,1.792741786,1,1,67,67,50,943,1881,346,346,18,942,16,960,12,0.5,22.8,pm,-0.060992302,1.131391696,-0.213850353,sand,2,y,A,up,1,1,0,0,0,1,1,0
se145,st joseph,1StA1,2,control,n,481,0,51,5,0.396199347,1.161368002,1.453929592,3.986932886,1.702947246,1,1,50,50,28,441,735,0,0,900,0,15,900,0,NA,NA,pm,0.284602902,0.874435228,-0.072441808,silt,1,y,A,up,1,1,0,0,0,0,0,0
se146,st joseph,1StA2,2,control,n,497,0,83,4,0.371067862,1.149219113,1.457124626,4.505653604,1.394451681,1,1,30,27,16,260,269,0,0,900,0,15,900,0,NA,NA,pm,1.409159974,1.720618483,1.351031564,rock,4,y,A,up,1,1,0,1,0,1,0,0
se147,st joseph,1StA3,2,control,n,514,0,60,6,0.503790683,1.117271296,1.44684771,3.597519678,1.792741786,1,1,79,55,87,820,991,3,3,466,494,16,960,0,NA,NA,pm,-0.206191229,1.161164066,-0.352295067,sand,2,y,A,up,1,1,0,0,0,1,1,0
se148,caura,2CaC1,2,control,y,231,0.10720997,56,12.5,0.437750563,1.178976947,1.417803723,3.134135653,1.779957051,1,1,7,7,191,63,62,0,0,900,0,15,900,0,NA,NA,am,0.209184836,-1.014269454,-0.567184568,rock,4,n,C,down,1,1,0,0,0,0,0,0
se149,caura,2CaC2,2,control,y,251,0.021189299,71,11,0.506505032,1.193124598,1.412124406,3.301479258,1.767675224,1,1,1,1,52,23,23,0,0,900,0,15,900,0,NA,NA,am,0.216850802,-0.153887661,-0.265709536,pebbles,3,n,C,down,1,0,0,0,0,0,0,0
se150,caura,2CaC3,2,control,y,266,0,57,9,0.389166084,1.176091259,1.413802517,3.84456415,1.779307828,1,1,2,2,359,19,19,0,0,900,0,15,900,0,NA,NA,am,0.041670324,-0.062949324,0.207718827,leaf_litter,5,n,C,down,0,1,0,1,0,1,0,0
se151,caura,2CaC1,2,prey,y,288,0.10720997,56,12.5,0.437750563,1.178976947,1.419294722,4.118756295,1.779957051,1,1,22,22,153,554,671,27,27,193,707,15,900,10,0.3,23.6,am,1.072052371,-0.861403157,-0.076204693,rock,4,y,C,down,1,1,0,0,0,0,0,0
se152,caura,2CaC2,2,prey,y,304,0.021189299,71,11,0.506505032,1.193124598,1.413969972,3.247990442,1.767675224,0,0,0,0,900,0,0,0,0,900,0,15,900,10,0.3,23.6,am,0.20535067,-0.110388019,-0.318060367,pebbles,3,y,C,down,0,0,0,0,0,0,0,0
se153,caura,2CaC3,2,prey,y,322,0,57,9,0.389166084,1.176091259,1.418135498,3.516385956,1.779307828,1,1,13,13,140,477,477,23,23,398,502,15,900,10,0.3,23.6,am,-0.157242312,0.015973458,-0.020303893,leaf_litter,5,y,C,down,0,1,0,1,0,1,0,0
se154,lopinot,3LoC1,2,prey,n,499,0,51,8,0.423245874,1.170261715,1.435525851,2.964919294,1.721975402,1,1,11,11,25,243,246,0,0,900,0,15,900,10,0.3,25,pm,-0.465234654,0.291667829,-0.730781136,leaf_litter,5,y,C,down,1,1,0,0,0,0,0,0
se155,lopinot,3LoC2,2,prey,n,517,0,68,12,0.507855872,1.155336037,1.428620673,2.871532073,1.734319681,1,1,16,14,7,119,85,3,3,128,772,15,900,10,0.3,25,pm,0.069335612,0.671540593,-0.828421894,leaf_litter,5,y,C,down,0,1,1,1,0,0,0,0
se156,lopinot,3LoC3,2,prey,n,536,0.123851641,60,8,0.450249108,1.178976947,1.428134794,3.639254339,1.702688968,1,1,10,10,369,228,406,124,124,725,175,15,900,10,0.3,25,pm,0.385769344,-0.904505304,0.03878321,pebbles,3,y,C,down,1,1,0,0,0,0,0,0
se157,lopinot,3LoC1,2,control,n,570,0,51,8,0.423245874,1.170261715,1.432006687,2.919182729,1.721975402,1,1,2,2,222,38,38,0,0,900,0,15,900,0,NA,NA,pm,-0.568661004,0.191801402,-0.707604658,leaf_litter,5,n,C,down,1,0,0,0,0,0,0,0
se158,lopinot,3LoC2,2,control,n,588,0,68,12,0.507855872,1.155336037,1.425860145,2.671977717,1.734319681,1,1,13,13,139,134,139,0,0,900,0,15,900,0,NA,NA,pm,-0.15068171,0.57445573,-0.895162738,leaf_litter,5,n,C,down,1,1,0,1,0,0,0,0
se159,lopinot,3LoC3,2,control,n,605,0.123851641,60,8,0.450249108,1.178976947,1.424554977,3.085861174,1.702688968,1,1,26,26,174,368,372,2,2,393,507,15,900,0,NA,NA,pm,-0.149537927,-1.064147516,-0.20062055,pebbles,3,n,C,down,0,1,0,1,0,0,0,0
se160,lopinot,3LoB1,2,control,y,228,0,55,3,0.392696953,0.986771734,1.423245874,3.871253518,1.948021533,1,1,30,30,83,332,384,1,1,595,305,15,900,0,NA,NA,am,-1.827162497,1.298892774,0.853785312,pebbles,3,n,B,mid,1,1,0,0,0,0,0,0
se161,lopinot,3LoB2,2,control,y,-293,0,55,4,0.354108439,1.017033339,1.414973348,3.206375163,1.844352896,1,1,9,9,97,158,158,0,0,900,0,15,900,0,NA,NA,am,-2.129065716,0.815388889,0.650841393,leaf_litter,5,n,B,mid,1,0,0,0,0,0,0,0
se162,lopinot,3LoB3,2,control,y,264,0,53,9.5,0.369215857,1.008600172,1.423081958,4.2771201,1.719331287,1,1,9,9,97,158,158,0,0,900,0,15,900,0,NA,NA,am,-0.196909952,1.326561616,0.579706619,silt,1,n,B,mid,1,0,0,0,0,0,0,0
se163,lopinot,3LoB1,2,prey,y,285,0,55,3,0.392696953,0.986771734,1.428458774,4.369427385,1.948021533,1,1,54,54,51,832,862,189,189,63,837,15,900,11,0.18,24.5,am,-1.308725242,1.496122901,1.042772545,pebbles,3,y,B,mid,1,1,0,0,0,0,0,0
se164,lopinot,3LoB2,2,prey,y,303,0,55,4,0.354108439,1.017033339,1.425208051,3.378955402,1.844352896,1,1,25,25,76,856,948,46,46,108,792,15,900,11,0.18,24.5,am,-1.794700204,1.110359783,0.60396572,leaf_litter,5,y,B,mid,1,1,0,0,0,0,0,0
se165,lopinot,3LoB3,2,prey,y,320,0,53,9.5,0.369215857,1.008600172,1.432809005,4.269293407,1.719331287,1,1,23,23,49,330,331,12,12,444,456,15,900,11,0.18,24.5,am,-0.024948359,1.587218925,0.445996418,silt,1,y,B,mid,1,1,0,0,0,0,0,0
se166,lopinot,3LoA1,2,prey,n,459,0,64,2,0.411619706,1.152288344,1.435525851,3.35894512,1.890756252,1,1,19,19,247,433,773,12,12,330,570,15,900,10,0.4,26.1,pm,-1.118703586,0.57139003,0.375509897,sand,2,n,A,up,1,1,0,0,0,0,0,0
se167,lopinot,3LoA2,2,prey,n,478,0,52,7,0.414973348,1.164352856,1.446226402,4.651440166,1.677150521,1,1,11,11,135,113,133,0,0,900,0,15,900,10,0.4,26.1,pm,1.060150272,0.800148882,0.16772157,sand,2,n,A,up,1,1,0,0,0,0,0,0
se168,lopinot,3LoA3,2,prey,n,500,0.068185862,66,4,0.334453751,1.170261715,1.443262987,4.201681098,1.746634199,1,1,22,22,154,817,1201,116,116,312,588,15,900,10,0.4,26.1,pm,0.406646096,0.191042107,0.997725622,pebbles,3,n,A,up,1,1,0,1,0,0,1,0
se169,lopinot,3LoA1,2,control,n,530,0,64,2,0.411619706,1.152288344,1.442009159,3.113030375,1.890756252,0,0,0,0,900,0,0,0,0,900,0,15,900,0,NA,NA,pm,-1.208329183,0.717555769,0.161506926,sand,2,n,A,up,0,0,0,0,0,0,0,0
se170,lopinot,3LoA2,2,control,n,548,0,52,7,0.414973348,1.164352856,1.450249108,4.570915549,1.677150521,0,0,0,0,840,0,0,0,0,840,0,14,840,0,NA,NA,pm,1.06568465,0.899093785,0.072325117,sand,2,n,A,up,0,0,0,0,0,0,0,0
se171,lopinot,3LoA3,2,control,n,569,0.068185862,66,4,0.334453751,1.170261715,1.44357588,3.861980424,1.746634199,1,1,12,12,91,462,464,1,1,684,216,15,900,0,NA,NA,pm,0.124141452,0.160547692,0.817307448,pebbles,3,n,A,up,1,1,0,1,0,0,0,0
se172,caura,2CaA1,2,prey,n,229,0.117271296,57,5,0.636487896,1.1430148,1.413969972,3.787049365,1.787318757,1,1,6,6,159,764,764,83,83,160,740,15,900,10,0.4,23.1,am,-0.427712897,-1.129451829,-0.206078473,leaf_litter,5,n,A,up,0,1,0,0,0,0,0,0
se173,caura,2CaA2,2,prey,n,258,0.117271296,53,7,0.496929648,1.176091259,1.426185825,4.611827356,1.785044958,1,1,2,2,156,27,32,0,0,900,0,15,900,10,0.4,23.1,am,0.828049998,-0.938780801,0.248133453,pebbles,3,n,A,up,1,1,0,0,0,0,0,0
se174,caura,2CaA3,2,prey,n,275,0.294466226,66,2,0.442479769,1.178976947,1.422261451,4.64965676,1.976074732,1,1,6,6,212,46,37,0,0,900,0,15,900,10,0.4,23.1,am,0.296806703,-2.625424669,1.51311358,sand,2,n,A,up,0,1,0,0,0,0,1,0
se175,caura,2CaA1,2,control,n,303,0.117271296,57,5,0.636487896,1.1430148,1.429267666,4.414929916,1.787318757,1,1,18,18,110,184,184,0,0,900,0,15,900,0,NA,NA,am,0.385957367,-0.646192319,-0.084212999,leaf_litter,5,n,A,up,0,1,0,0,0,0,0,0
se176,caura,2CaA2,2,control,n,321,0.117271296,53,7,0.496929648,1.176091259,1.4363217,4.684078388,1.785044958,0,0,0,0,900,0,0,0,0,900,0,15,900,0,NA,NA,am,1.075467476,-0.657958614,0.150520996,pebbles,3,n,A,up,0,0,0,0,0,0,0,0
se177,caura,2CaA3,2,control,n,338,0.294466226,66,2,0.442479769,1.178976947,1.42258984,4.092198687,1.976074732,1,1,4,4,101,29,27,0,0,840,0,14,840,0,NA,NA,am,-0.170189409,-2.68044343,1.21950928,sand,2,n,A,up,0,1,0,0,0,0,1,0
se178,caura,2CaB1,2,control,y,450,0,76,10,0.85308953,1.181843588,1.440436766,3.987769465,1.852235939,1,1,9,9,101,128,128,0,0,900,0,15,900,0,NA,NA,pm,1.21046165,1.002658399,-1.417406384,pebbles,3,n,B,mid,1,1,0,0,0,0,0,0
se179,caura,2CaB2,2,control,y,469,0.096910013,63,7,0.793790385,1.184691431,1.441223674,4.236787337,1.681783766,1,1,10,10,82,100,100,0,0,900,0,15,900,0,NA,NA,pm,1.212952775,-0.283277717,-1.016277896,pebbles,3,n,B,mid,1,1,0,0,0,0,0,0
se180,caura,2CaB3,2,control,y,485,0.053078443,61,8,0.836956737,1.201397124,1.436639632,3.269342462,1.782902406,1,1,7,7,87,97,101,0,0,900,0,15,900,0,NA,NA,pm,0.320768416,-0.21587138,-1.88513752,leaf_litter,5,n,B,mid,1,1,0,0,0,0,0,0
se181,caura,2CaB1,2,prey,y,511,0,76,10,0.85308953,1.181843588,1.438542349,3.553235956,1.852235939,1,1,15,15,414,365,627,114,114,635,265,15,900,11,0.2,30.7,pm,0.806958043,0.901949147,-1.617606198,pebbles,3,n,B,mid,1,1,0,0,0,0,0,0
se182,caura,2CaB2,2,prey,y,529,0.096910013,63,7,0.793790385,1.184691431,1.438858659,3.818344681,1.681783766,1,1,29,29,146,847,946,93,93,405,495,15,900,11,0.2,30.7,pm,0.81446204,-0.394798053,-1.201856768,pebbles,3,n,B,mid,1,1,0,0,0,0,0,0
se183,caura,2CaB3,2,prey,y,546,0.053078443,61,8,0.836956737,1.201397124,1.438542349,3.65132939,1.782902406,1,1,28,28,37,616,1016,63,63,308,592,15,900,11,0.2,30.7,pm,0.679836515,-0.120957413,-1.7123112,leaf_litter,5,n,B,mid,1,1,0,0,0,0,0,0
se184,guanapo,5GuA1,2,control,y,228,0.278753601,55,4,0.413299764,1.187520721,1.406369835,3.442710182,1.708165858,1,1,12,8,217,60,52,0,0,900,0,15,900,10,0.4,20.9,am,-0.530224486,-3.294277785,0.761547664,pebbles,3,y,A,up,1,0,0,1,0,1,0,0
se185,guanapo,5GuA2,2,prey,n,254,0.28780173,61,7,0.346352974,1.193124598,1.415807728,3.818973055,0.004321374,1,1,4,4,239,41,26,0,0,900,0,15,900,10,0.4,20.9,am,2.726738688,-3.080596801,1.458089744,rock,4,n,A,up,1,0,0,1,0,0,1,0
se186,guanapo,5GuA3,2,prey,n,270,0,64,6,0.309630167,1.170261715,1.415974411,4.603390475,1.739809599,1,1,6,0,22,15,0,0,0,900,0,15,900,10,0.4,20.9,am,0.382092841,0.185601061,1.34562599,pebbles,3,n,A,up,0,0,0,1,0,1,0,0
se187,guanapo,5GuA1,2,prey,y,289,0.278753601,55,4,0.413299764,1.187520721,1.407560849,3.714497409,1.708165858,1,1,5,1,346,81,73,0,0,900,0,15,900,0,0.4,20.9,am,-0.27773322,-3.231122846,0.886684931,pebbles,3,n,A,up,1,0,0,1,0,1,0,0
se188,guanapo,5GuA2,2,control,n,317,0.28780173,61,7,0.346352974,1.193124598,1.421768401,4.007850154,0.004321374,1,1,1,1,222,7,7,0,0,900,0,15,900,0,NA,NA,am,2.996455283,-2.898685123,1.476636922,rock,4,y,A,up,1,0,0,1,0,0,0,0
se189,guanapo,5GuA3,2,control,n,334,0,64,6,0.309630167,1.170261715,1.426836454,4.527615338,1.739809599,1,1,1,1,151,15,15,0,0,900,0,15,900,0,NA,NA,am,0.517237612,0.468995118,1.161533851,pebbles,3,y,A,up,1,0,0,1,0,0,0,0
se190,guanapo,5GuB1,2,control,y,462,0,91,10,0.413299764,1.170261715,1.443262987,3.303167968,1.808750972,1,1,8,8,87,24,24,0,0,900,0,15,900,0,NA,NA,pm,0.667301639,1.458130557,0.334076884,pebbles,3,y,B,mid,1,0,0,1,0,0,0,0
se191,guanapo,5GuB2,2,control,y,483,0.173186268,47,7,0.414973348,1.176091259,1.441695136,3.960191464,1.755112266,1,1,1,1,345,2,2,0,0,900,0,15,900,0,NA,NA,pm,0.572395772,-1.255764338,-0.065566428,pebbles,3,y,B,mid,1,0,0,1,0,0,0,0
se192,guanapo,5GuB3,2,control,y,503,0.155336037,102,10.5,0.401400541,1.176091259,1.443419462,4.46128643,0.294466226,1,1,6,2,46,17,5,0,0,900,0,15,900,0,NA,NA,pm,4.158490203,0.135647204,1.860746735,rock,4,y,B,mid,0,0,0,1,0,1,0,0
se193,guanapo,5GuB1,2,prey,y,531,0,91,10,0.413299764,1.170261715,1.438858659,2.971521694,1.808750972,1,1,4,4,76,21,21,0,0,900,0,15,900,10,0.3,25.8,pm,0.305016379,1.301715762,0.220712293,pebbles,3,n,B,mid,1,0,0,1,0,0,0,0
se194,guanapo,5GuB2,2,prey,y,560,0.173186268,47,7,0.414973348,1.176091259,1.433129518,3.666124691,1.755112266,1,1,6,6,163,45,52,0,0,900,0,15,900,10,0.3,25.8,pm,0.165590853,-1.51976922,-0.103968729,pebbles,3,n,B,mid,1,0,0,1,0,0,0,0
se195,guanapo,5GuB3,2,prey,y,588,0.155336037,102,10.5,0.401400541,1.176091259,1.434249452,4.168945101,0.294466226,1,1,3,0,26,10,0,0,0,900,0,15,900,10,0.3,25.8,pm,3.742051868,-0.144411747,1.831295444,rock,4,n,B,mid,0,0,0,1,0,1,0,0
se196,turure,7TuA1,2,prey,n,420,0,93,2.7,0.561101384,1.230448921,1.435207103,4.566112917,1.781180721,1,1,25,25,137,385,385,7,0,652,248,15,900,10,0.2,25.4,pm,1.010935496,0.759886578,1.077171585,sand,2,n,A,up,0,0,0,1,0,0,0,0
se197,turure,7TuA2,2,prey,n,440,0,50,7,0.527629901,1.176091259,1.421274791,2.961169463,1.712986234,1,1,5,3,182,267,3,0,0,900,0,15,900,10,0.2,25.4,pm,-0.791176423,-0.200887429,-0.897349447,leaf_litter,5,n,A,up,0,0,0,1,1,0,0,0
se198,turure,7TuA3,2,prey,n,462,0,81,3,0.411619706,1.155336037,1.419294722,3.747468519,1.818093869,1,1,0,0,34,0,0,2,0,164,736,15,900,10,0.2,25.4,pm,-0.604592706,0.541176403,1.209240786,silt,1,n,A,up,0,0,0,1,0,0,0,0
se199,turure,7TuA1,2,control,n,491,0,93,2.7,0.561101384,1.230448921,1.428296814,3.746659882,1.781180721,1,1,19,19,86,38,38,0,0,900,0,15,900,0,NA,NA,pm,0.188713265,0.480216829,0.744118415,sand,2,y,A,up,0,0,0,1,0,0,0,0
se200,turure,7TuA2,2,control,n,509,0,50,7,0.527629901,1.176091259,1.422261451,2.938339566,1.712986234,1,0,1,0,299,17,0,0,0,900,0,15,900,0,NA,NA,pm,-0.792431992,-0.176971646,-0.922345289,leaf_litter,5,y,A,up,0,0,0,0,1,0,0,0
se201,turure,7TuA3,2,control,n,529,0,81,3,0.411619706,1.155336037,1.417471693,3.580377488,1.818093869,1,1,0,0,39,0,0,0,0,900,0,15,900,0,NA,NA,pm,-0.779849721,0.473018471,1.146847268,silt,1,y,A,up,0,0,0,1,0,0,0,0
se202,aripo,6ArC1,2,control,y,197,0,55,5,0.701567985,0.995635195,1.4448252,3.03760974,1.797128988,1,1,32,23,200,627,703,1,0,898,2,15,900,0,NA,NA,am,-1.461305779,1.722078854,-1.190491351,leaf_litter,5,n,C,down,1,1,0,1,0,1,0,1
se203,aripo,6ArC2,2,control,y,216,0,50,8.5,0.800029359,1.025305865,1.445915414,3.225689123,1.837335868,1,1,24,13,156,293,165,0,0,900,0,15,900,0,NA,NA,am,-0.710048773,1.559220402,-1.984890956,leaf_litter,5,n,C,down,1,1,0,1,0,1,0,1
se204,aripo,6ArC3,2,control,y,235,0,70,12,0.91750551,0.991226076,1.45484486,4.248842702,1.092018471,1,1,2,1,450,10,4,0,0,900,0,15,900,0,NA,NA,am,1.951334526,2.58612147,-1.476896279,pebbles,3,n,C,down,0,1,0,1,0,0,0,1
se205,aripo,6ArC1,2,prey,y,262,0,55,5,0.701567985,0.995635195,1.44684771,3.446526294,1.797128988,1,1,25,12,63,799,1295,29,25,297,603,15,900,10,0.2,27.7,am,-1.077187223,1.823298382,-1.005289762,leaf_litter,5,y,C,down,1,1,0,1,0,0,0,1
se206,aripo,6ArC2,2,prey,y,281,0,50,8.5,0.800029359,1.025305865,1.450403086,2.745176323,1.837335868,1,1,25,18,207,594,579,69,66,147,753,15,900,10,0.2,27.7,am,-1.035383154,1.624854951,-2.294011636,leaf_litter,5,y,C,down,1,1,1,1,0,1,0,1
se207,aripo,6ArC3,2,prey,y,300,0,70,12,0.91750551,0.991226076,1.455606113,4.061982583,1.092018471,1,1,15,8,306,328,139,1,1,693,207,15,900,10,0.2,27.7,am,1.806753849,2.585188872,-1.583991911,pebbles,3,y,C,down,1,1,1,1,0,0,0,1
se208,st joseph,1StC1,2,control,y,493,0,53,7,0.457881897,1.198657087,1.451325808,3.005579434,1.837146344,1,1,34,33,146,310,386,0,0,900,0,15,900,0,NA,NA,pm,-0.243113344,0.542868824,-1.000040752,rock,4,y,C,down,1,1,0,0,0,1,0,0
se209,st joseph,1StC2,2,control,y,513,0.017033339,50,7.5,0.330413773,1.193124598,1.44963265,3.051306911,1.77261505,1,1,8,8,17,166,167,0,0,900,0,15,900,0,NA,NA,pm,-0.182666236,0.339792467,-0.540549175,leaf_litter,5,y,C,down,1,0,0,1,0,1,0,0
se210,st joseph,1StC3,2,control,y,532,0,63,5,0.369215857,1.173186268,1.45331834,3.491389712,1.70969387,1,1,2,2,308,10,10,0,0,900,0,15,900,0,NA,NA,pm,0.054150698,0.977915434,0.098982623,sand,2,y,C,down,1,0,0,1,0,0,0,0
se211,st joseph,1StC1,2,prey,y,562,0,53,7,0.457881897,1.198657087,1.449324093,2.947301355,1.837146344,1,1,13,13,151,780,1489,336,336,178,722,15,900,10,0.2,27.3,pm,-0.329319087,0.482369127,-1.003596928,rock,4,y,C,down,1,1,0,0,0,0,0,0
se212,st joseph,1StC2,2,prey,y,583,0.017033339,50,7.5,0.330413773,1.193124598,1.449169732,2.860577551,1.77261505,1,1,9,9,153,506,506,19,19,357,543,15,900,10,0.2,27.3,pm,-0.353007698,0.305499569,-0.633335614,leaf_litter,5,y,C,down,1,1,0,1,0,1,0,0
se213,st joseph,1StC3,2,prey,y,603,0,63,5,0.369215857,1.173186268,1.450710878,3.52598627,1.70969387,1,1,2,2,456,30,30,0,0,900,0,15,900,10,0.2,27.3,pm,0.035630453,0.911765081,0.151686668,sand,2,y,C,down,1,0,0,1,0,0,0,0
se214,arima,4ArB1,2,prey,n,210,0.008600172,51,2,0.387389826,1.195899652,1.416973173,3.518592895,1.97913847,1,1,21,21,64,853,976,0,0,900,0,15,900,10,0.4,27.5,am,-1.389780671,-0.557315267,0.329392433,pebbles,3,y,B,mid,1,1,0,0,0,0,0,0
se215,arima,4ArB2,2,prey,n,232,0,54,10,0.408239965,1.152288344,1.430075056,4.498391477,1.484726804,1,1,24,24,169,868,1189,57,57,591,309,15,900,10,0.4,27.5,am,1.271058708,0.547213125,0.213590258,pebbles,3,y,B,mid,1,1,0,0,0,0,0,0
se216,arima,4ArB3,2,prey,n,248,0,56,10,0.413299764,1.184691431,1.427486109,4.504585979,1.489958479,1,1,14,14,120,568,617,10,10,121,779,15,900,10,0.4,27.5,am,1.41811007,0.295425771,0.222944708,pebbles,3,y,B,mid,1,1,0,0,0,0,0,0
se217,arima,4ArB1,2,control,n,280,0.008600172,51,2,0.387389826,1.195899652,1.431363764,4.143218777,1.97913847,1,1,8,8,291,104,109,0,0,900,0,15,900,0,NA,NA,am,-0.595527868,-0.098819921,0.461659835,pebbles,3,y,B,mid,1,1,0,0,0,0,0,0
se218,arima,4ArB2,2,control,n,309,0,54,10,0.408239965,1.152288344,1.448551739,4.703884366,1.484726804,1,1,15,15,113,178,236,0,0,900,0,15,900,0,NA,NA,am,1.78468679,1.06757499,0.073935372,pebbles,3,y,B,mid,1,1,0,0,0,0,0,0
se219,arima,4ArB3,2,control,n,325,0,56,10,0.413299764,1.184691431,1.43679851,4.552005076,1.489958479,1,1,7,7,117,130,147,0,0,900,0,15,900,0,NA,NA,am,1.629336451,0.55126115,0.123424527,pebbles,3,y,B,mid,1,1,0,0,0,0,0,0
se220,arima,4ArA1,2,control,y,428,0,92,12,0.748188027,1.230448921,1.427161403,4.46865743,0.710963119,1,1,18,18,154,201,200,0,0,900,0,15,900,0,NA,NA,pm,3.57848858,0.654372707,-0.096861861,silt,1,y,A,up,1,1,0,0,0,0,0,0
se221,arima,4ArA2,2,control,y,445,0,53,10,0.36361198,1.247973266,1.477410688,4.29626427,1.442166086,1,1,1,1,500,9,9,0,0,840,0,14,840,0,NA,NA,pm,2.481679297,1.113047553,-0.560197036,silt,1,y,A,up,0,1,0,0,0,0,0,0
se222,arima,4ArA3,2,control,y,460,0,67,12,0.440909082,1.250420002,1.433129518,3.929874951,0.63748973,1,1,6,6,159,67,67,0,0,900,0,15,900,0,NA,NA,pm,2.941543906,0.122283701,-0.015441522,silt,1,y,A,up,1,0,0,0,0,0,0,0
se223,arima,4ArA1,2,prey,y,479,0,92,12,0.748188027,1.230448921,1.485437481,4.347864503,0.710963119,1,1,42,42,122,766,1283,241,241,173,727,15,900,11,0.27,24.9,pm,4.546025206,2.207542097,-0.936280904,silt,1,y,A,up,1,1,0,0,0,0,0,0
se224,arima,4ArA2,2,prey,y,495,0,53,10,0.36361198,1.247973266,1.447468131,4.751698335,1.442166086,0,0,0,0,840,0,0,0,0,840,0,14,840,11,0.27,24.9,pm,2.318344303,0.360075869,0.075193999,silt,1,y,A,up,0,0,0,0,0,0,0,0
se225,arima,4ArA3,2,prey,y,510,0,67,12,0.440909082,1.250420002,1.445448514,4.558539739,0.63748973,1,1,7,7,109,76,96,0,0,900,0,15,900,11,0.27,24.9,pm,3.70118636,0.525537851,0.146533185,silt,1,y,A,up,1,1,0,0,0,0,0,0
