Sampling_event,River,Site,Location_Code,Lat,Lon,Presentation,Replicate,Quarry,Date,Time,Treatment,Guppy_Number,Male_Female_ratio,Guppy_length_mm,Control_first,Flow_max_rps,Max_Flow_ms,Depth_cm,Width_m,Min_from_sunrise,Turb_mean_NTU,DO_mgL,Temp_mean_C,Light_mean_lux,Canopy_cover,Trial_length_min,APtottime,APproptime,APAttack,APvisits,CFtottime,CFproptime,CFAttack,CFvisits,HMtottime,HMproptime,HMAttack,HMvisits,HTtottime,HTproptime,HTAttack,HTvisits,AHtottime,AHproptime,AHAttack,AHvisits,ABtottime,ABproptime,ABAttack,ABvisits,RQtottime,RDtottime,RDproptime,RDAttack,RDvisits,MCtottime,MCproptime,MCAttack,MCvisits,MCFirstV,MCFirstA,RDFirstV,RDFirstA,RQFirstV,RQFirstA,ABFirstV,ABFirstA,AHFirstV,AHFirstA,HTFirstV,HTFirstA,HMFirstV,HMFirstA,CFFirstV,CFFirstA,APFirstV,APFirstA,Predtottime,Predproptime,PredAttack,PredFirstV,PredFirstA,Predvisits,Trial_length,AP,CF,HM,HT,AH,AB,RQ,RD,MC
se001,turure,1,7TuA1,10.6800449,-61.166981,1,1,y,12/04/2022,10:08,control,0,NA,NA,y,0,0,91,2.7,252,2.47,11.9,24.2,981.6,56.3,15,0,0,0,0,0,0,0,0,0,0,0,0,0,0,0,0,0,0,0,0,0,0,0,0,0,0,0,0,0,0,0,0,0,900,900,900,900,900,900,900,900,900,900,6,900,900,900,900,900,900,900,0,0,0,6,900,0,15,0,0,0,1,0,0,0,0,0
se002,turure,1,7TuA2,10.6802927,-61.1670844,2,1,y,12/04/2022,10:47,control,0,NA,NA,y,0,0,65,7,291,6.28,13.3,24.36,1208.13,52.35,13,0,0,0,0,0,0,0,0,0,0,0,0,11,0,0,4,6,0,0,1,0,0,0,0,0,0,0,0,0,0,0,0,0,840,840,840,840,840,840,11,840,28,840,11,840,840,840,840,840,840,840,17,0,0,16,840,5,14,0,0,0,1,1,0,0,0,0
se003,turure,1,7TuA3,10.6806674,-61.1672407,3,1,y,12/04/2022,11:19,control,0,NA,NA,y,0,0,87,3,323,2.48,11.6,24.61,2676.33,28.4,14,0,0,0,0,0,0,0,0,0,0,0,0,20,0,0,2,0,0,0,0,0,0,0,0,0,0,0,0,0,0,0,0,0,900,900,900,900,900,900,19,900,900,900,19,900,900,900,900,900,900,900,20,0,0,19,900,2,15,0,0,0,1,0,0,0,0,0
se004,turure,1,7TuA1,10.6800449,-61.166981,4,1,y,12/04/2022,12:02,prey,6,0.17,28.8,y,0,0,91,2.7,366,2.47,11.9,25.05,4585.73,56.3,15,0,0,0,0,0,0,0,0,0,0,0,0,108,0,0,36,0,0,0,0,0,0,0,0,0,0,0,0,0,0,0,0,0,900,900,900,900,900,900,382,900,900,900,8,900,900,900,900,900,900,900,108,0,0,195,900,36,15,0,0,0,1,0,0,0,0,0
se005,turure,1,7TuA2,10.6802927,-61.1670844,5,1,y,12/04/2022,12:25,prey,6,0.17,28.8,y,0,0,65,7,389,6.28,13.3,24.96,1090.93,52.35,15,0,0,0,0,0,0,0,0,0,0,0,0,69,0,9,32,0,0,0,0,0,0,0,0,0,0,0,0,0,105,0,1,6,180,310,900,900,900,900,64,900,900,900,64,71,900,900,900,900,900,900,170,0,10,102,191,38,15,0,0,0,1,0,0,0,0,1
se006,turure,1,7TuA3,10.6806674,-61.1672407,6,1,y,12/04/2022,13:10,prey,6,0.17,28.8,y,0,0,87,3,434,2.48,11.6,24.99,3067.6,28.4,15,0,0,0,0,0,0,0,0,0,0,0,0,8,0,0,9,112,0,5,3,0,0,0,0,0,0,0,0,0,0,0,0,0,900,900,900,900,900,900,24,900,462,577,24,900,900,900,900,900,900,900,120,0,5,170,577,12,15,0,0,0,1,1,0,0,0,0
se007,guanapo,2,5GuB2,10.6935391,-61.2621615,1,1,y,13/04/2022,11:12,prey,10,0.1,21.4,n,0.17,0.04,81,10,316,2.73,15.6,25.45,4015.67,57.82,15,30,0,0,12,0,0,0,0,0,0,0,0,0,0,0,0,0,0,0,0,0,0,0,0,0,0,0,0,0,0,0,0,0,900,900,900,900,900,900,39,900,900,900,4,900,900,900,900,900,39,900,30,0,0,28,900,12,15,1,0,0,1,0,0,0,0,0
se008,guanapo,2,5GuB3,10.6940758,-61.2633045,2,1,y,13/04/2022,11:56,prey,10,0.1,21.4,n,0.17,0.04,49,7,360,2.8,15,25.66,21958.33,3.87,15,19,0,0,4,0,0,0,0,0,0,0,0,26,0,0,8,0,0,0,0,0,0,0,0,0,0,0,0,0,0,0,0,0,900,900,900,900,900,900,369,900,900,900,16,900,900,900,900,900,430,900,40,0,0,272,900,12,15,1,0,0,1,0,0,0,0,0
se009,guanapo,2,5GuB1,10.6932231,-61.2610646,5,1,y,13/04/2022,13:54,prey,10,0,25.4,n,0.93,0.23,68,10.5,478,1.38,15,25.66,228.07,55.81,15,75,0,0,5,0,0,0,0,0,0,0,0,2,0,0,2,0,0,0,0,0,0,0,0,0,0,0,0,0,0,0,0,0,900,900,900,900,900,900,141,900,900,900,12,900,900,900,900,900,516,900,77,0,0,223,900,7,15,1,0,0,1,0,0,0,0,0
se010,guanapo,2,5GuB2,10.6935391,-61.2621615,3,1,y,13/04/2022,12:24,control,0,NA,NA,n,0.17,0.04,81,10,388,2.73,15.6,25.34,4034.93,57.82,15,0,0,0,0,0,0,0,0,0,0,0,0,2,0,0,3,0,0,0,0,0,0,0,0,0,0,0,0,0,0,0,0,0,900,900,900,900,900,900,28,900,900,900,8,900,900,900,900,900,900,900,2,0,0,18,900,3,15,0,0,0,1,0,0,0,0,0
se011,guanapo,2,5GuB3,10.6940758,-61.2633045,4,1,y,13/04/2022,12:59,control,0,NA,NA,n,0.17,0.04,49,7,423,2.8,15,25.95,35592.2,3.87,15,84,0,0,5,0,0,0,0,0,0,0,0,16,0,0,2,0,0,0,0,2,0,0,2,0,0,0,0,0,0,0,0,0,900,900,900,900,900,900,107,900,900,900,4,900,900,900,900,900,107,900,102,0,0,72,900,9,15,1,0,0,1,0,1,0,0,0
se012,guanapo,2,5GuB1,10.6932231,-61.2610646,6,1,y,13/04/2022,14:37,control,0,NA,NA,n,0.93,0.23,68,10.5,521,1.38,15,25.12,946.6,55.81,15,0,0,0,0,0,0,0,0,0,0,0,0,8,0,0,5,0,0,0,0,0,0,0,0,0,0,0,0,0,0,0,0,0,900,900,900,900,900,900,383,900,900,900,9,900,900,900,900,900,900,900,8,0,0,196,900,5,15,0,0,0,1,0,0,0,0,0
se013,st joseph,1,1StA1,10.7186245,-61.4205861,1,1,y,14/04/2022,09:20,control,0,NA,NA,y,0,0,44,5,205,1.02,14.5,25.52,30679.6,39.76,15,47,0,0,4,36,0,0,4,0,0,0,0,0,0,0,0,0,0,0,0,0,0,0,0,0,0,0,0,0,0,0,0,0,900,900,900,900,900,900,14,900,900,900,14,900,900,900,14,900,506,900,83,0,0,137,900,8,15,1,1,0,0,0,0,0,0,0
se014,st joseph,1,1StA2,10.7186214,-61.4206214,2,1,y,14/04/2022,10:23,control,0,NA,NA,y,0,0,81,4,268,1.28,14.5,25.54,31763.8,74.42,14,85,0,1,13,32,0,0,5,0,0,0,0,0,0,0,0,0,0,0,0,586,1,0,3,0,0,0,0,0,0,0,0,0,840,840,840,840,840,840,30,840,840,840,30,840,840,840,215,840,30,645,657,1,1,76,645,21,14,1,1,0,0,0,1,0,0,0
se015,st joseph,1,1StA3,10.7187229,-61.4206169,3,1,y,14/04/2022,09:40,control,0,NA,NA,y,0,0,73,6,225,2.08,14.4,25,29999.4,81.15,15,66,0,0,2,39,0,0,4,0,0,0,0,0,0,0,0,0,0,0,0,12,0,0,5,0,0,0,0,0,0,0,0,0,900,900,900,900,900,900,264,900,900,900,264,900,900,900,503,900,605,900,118,0,0,409,900,11,15,1,1,0,0,0,1,0,0,0
se016,st joseph,1,1StA1,10.7186245,-61.4205861,4,1,y,14/04/2022,10:40,prey,6,0,25.8,y,0,0,44,5,285,1.02,14.5,24.89,5631.67,39.76,15,218,0,24,20,601,1,203,38,0,0,0,0,0,0,0,0,0,0,0,0,1,0,0,1,0,0,0,0,0,0,0,0,0,900,900,900,900,900,900,53,900,900,900,53,900,900,900,168,349,53,300,685,1,227,81,324,59,15,1,1,0,0,0,1,0,0,0
se017,st joseph,1,1StA2,10.7186214,-61.4206214,5,1,y,14/04/2022,10:56,prey,6,0,25.8,y,0,0,81,4,301,1.28,14.5,25.32,32205.67,74.42,15,79,0,0,7,848,1,384,24,0,0,0,0,0,0,0,0,0,0,0,0,0,0,0,0,0,0,0,0,0,0,0,0,0,900,900,900,900,900,900,29,900,900,900,29,900,900,900,29,31,668,900,848,1,384,189,31,31,15,1,1,0,0,0,0,0,0,0
se018,st joseph,1,1StA3,10.7187229,-61.4206169,6,1,y,14/04/2022,11:13,prey,6,0,25.8,y,0,0,73,6,318,2.08,14.4,25.33,23172.93,81.15,15,691,1,0,27,716,1,5,53,0,0,0,0,0,0,0,0,0,0,0,0,5,0,0,3,0,0,0,0,0,0,0,0,0,900,900,900,900,900,900,43,900,900,900,86,900,900,900,196,213,86,900,746,1,5,103,213,83,15,1,1,0,0,0,1,0,0,0
se019,st joseph,2,1StB1,10.7129085,-61.4124237,1,1,y,14/04/2022,13:18,prey,8,0,21,n,0,0,55,2,443,0.74,11.3,26.69,564.73,73.96,15,647,1,1,4,852,1,324,82,0,0,0,0,0,0,0,0,0,0,0,0,5,0,3,3,0,0,0,0,0,0,0,0,0,900,900,900,900,900,900,13,293,900,900,13,900,900,900,16,16,232,236,867,1,328,68,182,89,15,1,1,0,0,0,1,0,0,0
se020,st joseph,2,1StB2,10.7125659,-61.4126429,2,1,y,14/04/2022,13:39,prey,8,0,21,n,0,0,69,4,464,1.17,11.1,26.51,1426.13,66.18,15,74,0,3,6,794,1,355,12,0,0,0,0,0,0,0,0,0,0,0,0,0,0,0,0,0,0,0,0,0,0,0,0,0,900,900,900,900,900,900,135,900,900,900,135,900,900,900,135,138,265,274,794,1,358,167,206,18,15,1,1,0,0,0,0,0,0,0
se021,st joseph,2,1StB3,10.7199211,-61.4086032,3,1,y,14/04/2022,13:59,prey,8,0,21,n,0,0,62,6,484,0.79,9.6,26.92,30611.47,4.12,15,873,1,1,35,38,0,0,3,0,0,0,0,0,0,0,0,0,0,0,0,0,0,0,0,0,0,0,0,0,0,0,0,0,900,900,900,900,900,900,32,900,900,900,32,900,900,900,685,900,32,51,873,1,1,195,51,38,15,1,1,0,0,0,0,0,0,0
se022,st joseph,2,1StB1,10.7129085,-61.4124237,4,1,y,14/04/2022,14:23,control,0,NA,NA,n,0,0,55,2,508,0.74,11.3,26.71,2423.8,73.96,15,0,0,0,0,140,0,0,27,0,0,0,0,0,0,0,0,0,0,0,0,5,0,0,3,0,0,0,0,0,0,0,0,0,900,900,900,900,900,900,86,900,900,900,86,900,900,900,86,900,900,900,140,0,0,86,900,30,15,0,1,0,0,0,1,0,0,0
se023,st joseph,2,1StB2,10.7125659,-61.4126429,5,1,y,14/04/2022,14:40,control,0,NA,NA,n,0,0,69,4,525,1.17,11.1,26.48,869.6,66.18,15,10,0,0,3,392,0,0,30,0,0,0,0,0,0,0,0,0,0,0,0,0,0,0,0,0,0,0,0,0,0,0,0,0,900,900,900,900,900,900,11,900,900,900,11,900,900,900,22,900,11,900,400,0,0,14,900,33,15,1,1,0,0,0,0,0,0,0
se024,st joseph,2,1StB3,10.7199211,-61.4086032,6,1,y,14/04/2022,15:00,control,0,NA,NA,n,0,0,62,8,545,0.79,9.6,26.69,19695.2,4.12,15,618,1,0,35,3,0,0,1,0,0,0,0,0,0,0,0,0,0,0,0,0,0,0,0,0,0,0,0,0,0,0,0,0,900,900,900,900,900,900,11,900,900,900,11,900,900,900,663,900,11,900,618,1,0,174,900,36,15,1,1,0,0,0,0,0,0,0
se025,lopinot,1,3LoA1,10.704669,-61.3208909,1,1,n,19/04/2022,09:16,control,0,NA,NA,y,0,0,55,2,203,1.35,13.7,23.99,1886.07,71.58,15,0,0,0,0,0,0,0,0,4,0,0,1,0,0,0,0,0,0,0,0,0,0,0,0,0,0,0,0,0,0,0,0,0,900,900,900,900,900,900,217,900,900,900,217,900,217,900,900,900,900,900,4,0,0,217,900,1,15,0,0,1,0,0,0,0,0,0
se026,lopinot,1,3LoA2,10.7048464,-61.3207613,2,1,n,19/04/2022,09:35,control,0,NA,NA,y,0,0,53,7,222,2.34,15.3,24.07,16879.2,37.15,15,0,0,0,0,67,0,0,7,0,0,0,0,0,0,0,0,0,0,0,0,0,0,0,0,0,0,0,0,0,0,0,0,0,900,900,900,900,900,900,122,900,900,900,122,900,900,900,122,900,900,900,67,0,0,122,900,7,15,0,1,0,0,0,0,0,0,0
se027,lopinot,1,3LoA3,10.7054614,-61.3207949,3,1,n,19/04/2022,10:04,control,0,NA,NA,y,0.13,0.03,64,4,251,1.21,13.7,23.98,6717.33,54.8,15,0,0,0,0,0,0,0,0,0,0,0,0,4,0,0,2,0,0,0,0,0,0,0,0,0,0,0,0,0,0,0,0,0,900,900,900,900,900,900,386,900,900,900,16,900,900,900,900,900,900,900,4,0,0,201,900,2,15,0,0,0,1,0,0,0,0,0
se028,lopinot,1,3LoA1,10.704669,-61.3208909,4,1,n,19/04/2022,10:33,prey,5,0,30.6,y,0,0,55,2,280,1.35,13.7,24.38,2445.43,71.58,15,0,0,0,0,0,0,0,0,0,0,0,0,0,0,0,0,0,0,0,0,0,0,0,0,0,0,0,0,0,0,0,0,0,900,900,900,900,900,900,900,900,900,900,900,900,900,900,900,900,900,900,0,0,0,900,900,0,15,0,0,0,0,0,0,0,0,0
se029,lopinot,1,3LoA2,10.7048464,-61.3207613,5,1,n,19/04/2022,10:51,prey,5,0,30.6,y,0,0,53,7,298,2.34,15.3,24.79,29643.27,37.15,15,18,0,2,3,729,1,99,4,0,0,0,0,0,0,0,0,0,0,0,0,0,0,0,0,0,0,0,0,0,0,0,0,0,900,900,900,900,900,900,132,900,900,900,132,900,900,900,132,134,154,201,729,1,101,138,167,7,15,1,1,0,0,0,0,0,0,0
se030,lopinot,1,3LoA3,10.7054614,-61.3207949,6,1,n,19/04/2022,11:12,prey,5,0,30.6,y,0.13,0.03,64,4,319,1.21,13.7,24.44,4030.73,54.8,15,3,0,0,1,747,1,118,2,0,0,0,0,0,0,0,0,0,0,0,0,0,0,5,0,0,0,0,0,0,0,0,0,0,900,900,900,900,900,900,36,43,900,900,157,900,900,900,157,157,750,900,747,1,123,275,100,3,15,1,1,0,0,0,1,0,0,0
se031,lopinot,2,3LoB1,10.6915927,-61.3234136,1,1,n,19/04/2022,13:18,prey,9,0,23,n,0,0,60,2,445,0.83,10.1,25.99,13794.86,6.23,15,836,1,0,7,856,1,258,10,0,0,0,0,0,0,0,0,0,0,0,0,0,0,0,0,0,0,0,0,0,0,0,0,0,900,900,900,900,900,900,69,900,900,900,69,900,900,900,69,89,85,900,856,1,258,73,89,17,15,1,1,0,0,0,0,0,0,0
se032,lopinot,2,3LoB2,10.6921781,-61.323294,2,1,n,19/04/2022,13:36,prey,9,0,23,n,0,0,59,4,463,0.85,13.6,26.1,1533.4,70.19,15,18,0,0,3,203,0,1,3,0,0,0,0,0,0,0,0,0,0,0,0,0,0,0,0,0,0,0,0,0,0,0,0,0,900,900,900,900,900,900,352,900,900,900,352,900,900,900,641,699,352,900,221,0,1,424,699,6,15,1,1,0,0,0,0,0,0,0
se033,lopinot,2,3LoB3,10.6924552,-61.3231855,3,1,n,19/04/2022,13:54,prey,9,0,23,n,0,0,62,9.5,481,1.72,13.8,26.44,8296.53,70.82,15,91,0,1,20,0,0,0,0,0,0,0,0,0,0,0,0,0,0,0,0,0,0,0,0,0,0,0,0,0,0,0,0,0,900,900,900,900,900,900,10,900,900,900,10,900,900,900,900,900,10,664,91,0,1,10,664,20,15,1,0,0,0,0,0,0,0,0
se034,lopinot,2,3LoB1,10.6915927,-61.3234136,4,1,n,19/04/2022,14:21,control,0,NA,NA,n,0,0,60,2,508,0.83,10.1,25.81,14338.87,6.23,15,100,0,0,10,240,0,0,35,0,0,0,0,0,0,0,0,0,0,0,0,0,0,0,0,0,0,0,0,0,0,0,0,0,900,900,900,900,900,900,84,900,900,900,84,900,900,900,84,900,211,900,325,0,0,116,900,45,15,1,1,0,0,0,0,0,0,0
se035,lopinot,2,3LoB2,10.6921781,-61.323294,5,1,n,19/04/2022,14:39,control,0,NA,NA,n,0,0,59,4,526,0.85,13.6,25.84,385.2,70.19,15,43,0,1,6,28,0,0,2,0,0,0,0,0,0,0,0,0,0,0,0,0,0,0,0,0,0,0,0,0,0,0,0,0,900,900,900,900,900,900,181,900,900,900,181,900,900,900,368,900,181,462,72,0,1,227,462,8,15,1,1,0,0,0,0,0,0,0
se036,lopinot,2,3LoB3,10.6924552,-61.3231855,6,1,n,19/04/2022,14:56,control,0,NA,NA,n,0,0,62,9.5,543,1.72,13.8,26.05,2634.07,70.82,15,104,0,0,12,0,0,0,0,0,0,0,0,0,0,0,0,0,0,0,0,0,0,0,0,0,0,0,0,0,0,0,0,0,900,900,900,900,900,900,90,900,900,900,90,900,900,900,900,900,90,900,104,0,0,90,900,12,15,1,0,0,0,0,0,0,0,0
se037,lopinot,3,3LoC1,10.660151,-61.3257801,1,1,n,20/04/2022,09:15,control,0,NA,NA,y,0.33,0.08,40,8,203,1.64,14.3,24.73,3204.93,57.73,15,0,0,0,0,14,0,0,1,0,0,0,0,0,0,0,0,0,0,0,0,0,0,0,0,0,0,0,0,0,0,0,0,0,900,900,900,900,900,900,890,900,900,900,890,900,900,900,890,900,900,900,14,0,0,890,900,1,15,0,1,0,0,0,0,0,0,0
se038,lopinot,3,3LoC2,10.6602532,-61.3261689,2,1,n,20/04/2022,09:33,control,0,NA,NA,y,0,0,62,12,221,1.6,14.8,24.71,4794.8,62.7,15,0,0,0,0,0,0,0,0,0,0,0,0,0,0,0,0,0,0,0,0,0,0,0,0,0,0,0,0,0,0,0,0,0,900,900,900,900,900,900,615,900,900,900,615,900,900,900,900,900,900,900,0,0,0,615,900,0,15,0,0,0,0,0,0,0,0,0
se039,lopinot,3,3LoC3,10.6605097,-61.326418,3,1,n,20/04/2022,09:52,control,0,NA,NA,y,0.27,0.07,58,8,240,1.17,14.6,24.43,4627.53,52.43,15,0,0,0,0,0,0,0,0,0,0,0,0,0,0,0,0,0,0,0,0,0,0,0,0,0,0,0,0,0,0,0,0,0,900,900,900,900,900,900,198,900,900,900,198,900,900,900,900,900,900,900,0,0,0,198,900,0,15,0,0,0,0,0,0,0,0,0
se040,lopinot,3,3LoC1,10.660151,-61.3257801,4,1,n,20/04/2022,10:14,prey,6,0,23.8,y,0.33,0.08,40,8,262,1.64,14.3,24.52,2333.8,57.73,15,69,0,0,1,0,0,0,0,0,0,0,0,0,0,0,0,0,0,0,0,0,0,0,0,0,0,0,0,0,0,0,0,0,900,900,900,900,900,900,708,900,900,900,708,900,900,900,900,900,708,900,69,0,0,708,900,1,15,1,0,0,0,0,0,0,0,0
se041,lopinot,3,3LoC2,10.6602532,-61.3261689,5,1,n,20/04/2022,10:32,prey,6,0,23.8,y,0,0,62,12,280,1.6,14.8,25.17,16298.33,62.7,15,733,1,8,17,325,0,0,4,0,0,0,0,0,0,0,0,0,0,0,0,0,0,0,0,0,0,0,0,0,0,0,0,0,900,900,900,900,900,900,118,900,900,900,118,900,900,900,509,900,118,426,733,1,8,215,426,21,15,1,1,0,0,0,0,0,0,0
se042,lopinot,3,3LoC3,10.6605097,-61.326418,6,1,n,20/04/2022,10:50,prey,6,0,23.8,y,0.27,0.07,58,8,298,1.17,14.6,24.68,4691.73,52.43,15,97,0,0,4,28,0,0,1,0,0,0,0,0,0,0,0,0,0,0,0,0,0,0,0,0,0,0,0,0,0,0,0,0,900,900,900,900,900,900,420,900,900,900,420,900,900,900,743,900,420,900,110,0,0,501,900,5,15,1,1,0,0,0,0,0,0,0
se043,caura,3,2CaC1,10.6807475,-61.362376,1,1,n,20/04/2022,14:12,prey,6,0,28.5,n,1.43,0.36,52,12.5,500,1.41,15.4,25.23,633.47,56.99,15,340,0,42,14,445,0,104,6,0,0,0,0,0,0,0,0,0,0,0,0,0,0,0,0,0,0,0,0,0,0,0,0,0,900,900,900,900,900,900,30,900,900,900,30,900,900,900,64,469,30,84,515,1,146,38,276,20,15,1,1,0,0,0,0,0,0,0
se044,caura,3,2CaC2,10.6808515,-61.3624565,2,1,n,20/04/2022,14:29,prey,6,0,28.5,n,0.13,0.03,74,11,517,1.4,13.4,25.08,1053.8,58.38,15,0,0,0,0,101,0,3,7,0,0,0,0,0,0,0,0,0,0,0,0,0,0,0,0,0,0,0,0,0,0,0,0,0,900,900,900,900,900,900,146,900,900,900,146,900,900,900,146,164,900,900,101,0,3,146,164,7,15,0,1,0,0,0,0,0,0,0
se045,caura,3,2CaC3,10.6808515,-61.3624565,3,1,n,20/04/2022,14:48,prey,6,0,28.5,n,0.23,0.06,60,9,536,1.13,14.3,25.14,2570.2,57.95,15,0,0,0,0,46,0,0,4,0,0,0,0,0,0,0,0,0,0,0,0,0,0,0,0,0,0,0,0,0,0,0,0,0,900,900,900,900,900,900,16,900,900,900,204,900,900,900,204,900,900,900,46,0,0,141,900,4,15,0,1,0,0,0,1,0,0,0
se046,caura,3,2CaC1,10.6807475,-61.362376,4,1,n,20/04/2022,15:17,control,0,NA,NA,n,1.43,0.36,52,12.5,565,1.41,15.4,25.1,928.87,56.99,15,0,0,0,0,2,0,0,1,539,1,0,1,0,0,0,0,0,0,0,0,0,0,0,0,0,0,0,0,0,0,0,0,0,900,900,900,900,900,900,218,900,900,900,218,900,218,900,785,900,900,900,541,1,0,359,900,2,15,0,1,1,0,0,0,0,0,0
se047,caura,3,2CaC3,10.6808515,-61.3624565,5,1,n,20/04/2022,15:48,control,0,NA,NA,n,0.13,0.03,74,11,596,1.4,13.4,25.16,1509.89,58.38,15,0,0,0,0,57,0,0,2,0,0,0,0,5,0,0,3,0,0,0,0,0,0,0,0,0,0,0,0,0,0,0,0,0,900,900,900,900,900,900,463,900,900,900,22,900,900,900,463,900,900,900,62,0,0,316,900,5,15,0,1,0,1,0,0,0,0,0
se048,caura,3,2CaC2,10.6808515,-61.3624565,6,1,n,20/04/2022,15:57,control,0,NA,NA,n,0.23,0.06,60,9,605,1.13,14.3,25.13,745.44,57.95,15,0,0,0,0,17,0,0,1,0,0,0,0,0,0,0,0,0,0,0,0,0,0,0,0,0,0,0,0,0,0,0,0,0,900,900,900,900,900,900,705,900,900,900,705,900,900,900,705,900,900,900,17,0,0,705,900,1,15,0,1,0,0,0,0,0,0,0
se049,caura,2,2CaB1,10.6913761,-61.357658,1,1,n,21/04/2022,09:58,prey,10,0.43,27.7,n,0.47,0.12,73,10,246,1.2,12.4,25.15,6058.8,56.03,15,40,0,1,4,803,1,60,47,0,0,0,0,0,0,0,0,0,0,0,0,0,0,0,0,0,0,0,0,0,0,0,0,0,900,900,900,900,900,900,12,900,900,900,12,900,900,900,12,17,560,561,803,1,61,149,289,51,15,1,1,0,0,0,0,0,0,0
se050,caura,2,2CaB2,10.6917665,-61.3575916,3,1,n,21/04/2022,10:35,prey,10,0.43,27.7,n,1.83,0.46,65,7,283,1.33,14.7,25.29,10538.93,27.04,15,0,0,0,0,25,0,0,1,0,0,0,0,0,0,0,0,0,0,0,0,0,0,0,0,0,0,0,0,0,0,0,0,0,900,900,900,900,900,900,769,900,900,900,769,900,900,900,769,900,900,900,25,0,0,769,900,1,15,0,1,0,0,0,0,0,0,0
se051,caura,2,2CaB3,10.6920328,-61.3576668,4,1,n,21/04/2022,10:54,prey,10,0.43,27.7,n,1.37,0.34,53,8,302,0.98,14.3,25.81,14563.73,57.7,15,64,0,0,5,0,0,0,0,0,0,0,0,0,0,0,0,0,0,0,0,0,0,0,0,0,0,0,0,0,0,0,0,0,900,900,900,900,900,900,342,900,900,900,342,900,900,900,900,900,342,900,64,0,0,342,900,5,15,1,0,0,0,0,0,0,0,0
se052,caura,2,2CaB1,10.6913761,-61.357658,5,1,n,21/04/2022,11:14,control,0,NA,NA,n,0.47,0.12,73,10,322,1.2,12.4,25.4,2066.4,56.03,15,2,0,0,1,0,0,0,0,0,0,0,0,0,0,0,0,0,0,0,0,0,0,0,0,0,0,0,0,0,0,0,0,0,900,900,900,900,900,900,391,900,900,900,391,900,900,900,900,900,391,900,2,0,0,391,900,1,15,1,0,0,0,0,0,0,0,0
se053,caura,2,2CaB2,10.6917665,-61.3575916,7,1,n,21/04/2022,11:47,control,0,NA,NA,n,1.83,0.46,65,7,355,1.33,14.7,25.63,13754.67,27.04,15,0,0,0,0,22,0,0,2,0,0,0,0,0,0,0,0,0,0,0,0,0,0,0,0,0,0,0,0,0,0,0,0,0,900,900,900,900,900,900,68,900,900,900,68,900,900,900,68,900,900,900,22,0,0,68,900,2,15,0,1,0,0,0,0,0,0,0
se054,caura,2,2CaB3,10.6920328,-61.3576668,8,1,n,21/04/2022,12:07,control,0,NA,NA,n,1.37,0.34,53,8,375,0.98,14.3,25.32,871.93,57.7,15,4,0,0,1,0,0,0,0,0,0,0,0,0,0,0,0,0,0,0,0,0,0,0,0,0,0,0,0,0,0,0,0,0,900,900,900,900,900,900,421,900,900,900,421,900,900,900,900,900,421,900,4,0,0,421,900,1,15,1,0,0,0,0,0,0,0,0
se055,caura,1,2CaA1,10.7092688,-61.3552454,1,1,n,21/04/2022,13:55,control,0,NA,NA,y,1.83,0.46,55,5,483,3.25,12.7,25.87,4226.21,67.58,15,0,0,0,0,0,0,0,0,0,0,0,0,0,0,0,0,0,0,0,0,0,0,0,0,0,0,0,0,0,0,0,0,0,900,900,900,900,900,900,900,900,900,900,900,900,900,900,900,900,900,900,0,0,0,900,900,0,15,0,0,0,0,0,0,0,0,0
se056,caura,1,2CaA2,10.7090272,-61.3549351,2,1,n,21/04/2022,14:14,control,0,NA,NA,y,0,0,60,7,502,3.4,13.4,25.53,3391.93,99.84,15,30,0,0,4,0,0,0,0,0,0,0,0,0,0,0,0,0,0,0,0,0,0,0,0,0,0,0,0,0,0,0,0,0,900,900,900,900,900,900,215,900,900,900,215,900,900,900,900,900,215,900,30,0,0,215,900,4,15,1,0,0,0,0,0,0,0,0
se057,caura,1,2CaA3,10.7089987,-61.3548328,3,1,n,21/04/2022,14:38,control,0,NA,NA,y,1.97,0.49,52,2,526,3.7,13.8,25.4,4272,67.58,15,2,0,0,1,0,0,0,0,0,0,0,0,0,0,0,0,0,0,0,0,0,0,0,0,0,0,0,0,0,0,0,0,0,900,900,900,900,900,900,453,900,900,900,453,900,900,900,900,900,453,900,2,0,0,453,900,1,15,1,0,0,0,0,0,0,0,0
se058,caura,1,2CaA1,10.7092688,-61.3552454,4,1,n,21/04/2022,15:00,prey,9,0.11,26.9,y,1.83,0.46,55,5,548,3.25,12.7,25.34,2186.53,67.58,15,0,0,0,0,412,0,75,5,174,0,10,2,0,0,0,0,0,0,0,0,0,0,0,0,0,0,0,0,0,0,0,0,0,900,900,900,900,900,900,456,900,900,900,456,900,664,674,456,645,900,900,412,0,85,508,660,7,15,0,1,1,0,0,0,0,0,0
se059,caura,1,2CaA2,10.7090272,-61.3549351,5,1,n,21/04/2022,15:19,prey,9,0.11,26.9,y,0,0,60,7,567,3.4,13.4,25.48,5525.13,99.84,15,33,0,0,3,0,0,0,0,0,0,0,0,0,0,0,0,0,0,0,0,0,0,0,0,0,0,0,0,0,0,0,0,0,900,900,900,900,900,900,265,900,900,900,265,900,900,900,900,900,265,900,33,0,0,265,900,3,15,1,0,0,0,0,0,0,0,0
se060,caura,1,2CaA3,10.7089987,-61.3548328,6,1,n,21/04/2022,15:35,prey,9,0.11,26.9,y,1.97,0.49,52,2,583,3.7,13.8,25.47,3408.4,67.58,15,12,0,1,2,0,0,0,0,0,0,0,0,0,0,0,0,0,0,0,0,0,0,0,0,14,0,0,0,0,0,0,0,0,900,900,900,900,783,900,170,900,900,900,170,900,900,900,900,900,170,170,25,0,1,323,170,2,15,1,0,0,0,0,0,1,0,0
se061,aripo,2,6ArB1,10.6812097,-61.2302274,1,1,n,22/04/2022,10:16,control,0,NA,NA,y,0.1,0.03,79,5,265,1.67,13.6,24.63,4237.6,96.14,16,0,0,0,0,0,0,0,0,0,0,0,0,0,0,0,0,781,1,2,10,0,0,0,0,0,0,0,0,0,0,0,0,0,960,960,960,960,960,960,11,960,93,609,11,960,960,960,960,960,960,960,781,1,2,39,609,10,16,0,0,0,0,1,0,0,0,0
se062,aripo,2,6ArB2,10.6814853,-61.2303903,2,1,n,22/04/2022,10:37,control,0,NA,NA,y,0,0,59,5,286,1.9,13.6,25.17,21479.07,46.02,15,0,0,0,0,0,0,0,0,0,0,0,0,0,0,0,0,557,1,5,13,0,0,0,0,0,0,0,0,0,0,0,0,0,900,900,900,900,900,900,37,900,96,510,37,900,900,900,900,900,900,900,557,1,5,56,510,13,15,0,0,0,0,1,0,0,0,0
se063,aripo,2,6ArB3,10.6815743,-61.2305072,3,1,n,22/04/2022,10:55,control,0,NA,NA,y,0.03,0.01,66,3,304,1.19,13.5,24.46,12436.67,54.18,15,0,0,0,0,0,0,0,0,0,0,0,0,0,0,0,0,249,0,1,14,0,0,0,0,0,0,0,0,0,0,0,0,0,900,900,900,900,900,900,70,900,70,849,70,900,900,900,900,900,900,900,249,0,1,70,849,14,15,0,0,0,0,1,0,0,0,0
se064,aripo,2,6ArB1,10.6812097,-61.2302274,4,1,n,22/04/2022,11:18,prey,9,0,22.8,y,0.1,0.03,79,5,327,1.67,13.6,24.49,3957.6,96.14,15,0,0,0,0,0,0,0,0,0,0,0,0,0,0,0,0,809,1,8,18,0,0,0,0,0,0,0,0,0,0,0,0,0,900,900,900,900,900,900,11,900,38,178,11,900,900,900,900,900,900,900,809,1,8,20,178,18,15,0,0,0,0,1,0,0,0,0
se065,aripo,2,6ArB2,10.6814853,-61.2303903,5,1,n,22/04/2022,11:39,prey,9,0,22.8,y,0,0,59,5,348,1.9,13.6,24.68,10784.33,46.02,15,0,0,0,0,0,0,0,0,0,0,0,0,0,0,0,0,808,1,3,11,0,0,0,0,0,0,0,0,0,0,0,0,0,900,900,900,900,900,900,115,900,115,267,115,900,900,900,900,900,900,900,808,1,3,115,267,11,15,0,0,0,0,1,0,0,0,0
se066,aripo,2,6ArB3,10.6815743,-61.2305072,6,1,n,22/04/2022,11:56,prey,9,0,22.8,y,0.03,0.01,66,3,365,1.19,13.5,24.43,7139.67,54.18,15,0,0,0,0,0,0,0,0,0,0,0,0,0,0,0,0,103,0,0,5,0,0,0,0,0,0,0,0,0,0,0,0,0,900,900,900,900,900,900,232,900,232,900,232,900,900,900,900,900,900,900,103,0,0,232,900,5,15,0,0,0,0,1,0,0,0,0
se067,aripo,1,6ArA1,10.6851116,-61.2324062,1,1,n,22/04/2022,14:22,prey,11,0.5,22.8,n,0,0,40,5,511,5.15,10.4,24.42,437.73,56.77,15,0,0,0,0,0,0,0,0,0,0,0,0,0,0,0,0,871,1,54,4,0,0,0,0,0,0,0,0,0,0,0,0,0,900,900,900,900,900,900,24,900,24,25,24,900,900,900,900,900,900,900,871,1,54,24,25,4,15,0,0,0,0,1,0,0,0,0
se068,aripo,1,6ArA2,10.6850535,-61.2324939,2,1,n,22/04/2022,14:42,prey,11,0.5,22.8,n,0,0,55,4,531,5.15,10.4,24.33,430.33,57.13,15,0,0,0,0,0,0,0,0,0,0,0,0,0,0,0,0,886,1,15,7,0,0,0,0,0,0,0,0,0,0,0,0,0,900,900,900,900,900,900,2,900,2,9,2,900,900,900,900,900,900,900,886,1,15,2,9,7,15,0,0,0,0,1,0,0,0,0
se069,aripo,1,6ArA3,10.6857708,-61.2324635,3,1,n,22/04/2022,15:07,prey,11,0.5,22.8,n,0,0,32,2,556,0.98,10.4,24.33,1287.4,63.75,15,0,0,0,0,0,0,0,0,0,0,0,0,0,0,0,0,180,0,7,3,0,0,0,0,0,0,0,0,0,0,0,0,0,900,900,900,900,900,900,350,900,350,729,350,900,900,900,900,900,900,900,180,0,7,350,729,3,15,0,0,0,0,1,0,0,0,0
se070,aripo,1,6ArA1,10.6851116,-61.2324062,4,1,n,22/04/2022,15:36,control,0,NA,NA,n,0,0,40,5,585,5.15,10.4,24.24,150.6,56.77,15,0,0,0,0,0,0,0,0,0,0,0,0,0,0,0,0,828,1,6,23,0,0,0,0,0,0,0,0,0,0,0,0,0,900,900,900,900,900,900,10,900,52,308,10,900,900,900,900,900,900,900,828,1,6,24,308,23,15,0,0,0,0,1,0,0,0,0
se071,aripo,1,6ArA2,10.6850535,-61.2324939,5,1,n,22/04/2022,15:51,control,0,NA,NA,n,0,0,55,4,600,5.15,10.4,24.21,111.6,57.13,15,0,0,0,0,0,0,0,0,0,0,0,0,0,0,0,0,580,1,1,18,0,0,0,0,0,0,0,0,0,0,0,0,0,900,900,900,900,900,900,10,900,10,93,10,900,900,900,900,900,900,900,580,1,1,10,93,18,15,0,0,0,0,1,0,0,0,0
se072,aripo,1,6ArA3,10.6857708,-61.2324635,6,1,n,22/04/2022,16:12,control,0,NA,NA,n,0,0,32,2,621,0.98,11.6,24.13,993.93,63.75,15,0,0,0,0,0,0,0,0,0,0,0,0,0,0,0,0,58,0,0,3,0,0,0,0,0,0,0,0,0,0,0,0,0,900,900,900,900,900,900,39,900,439,900,39,900,900,900,900,900,900,900,58,0,0,172,900,3,15,0,0,0,0,1,0,0,0,0
se073,st joseph,3,1StC1,10.6953817,-61.4069179,1,1,y,23/04/2022,09:55,prey,10,0.3,19.7,n,0,0,40,7,244,2.77,14.6,25.17,2335.4,70.82,15,0,0,0,0,0,0,0,0,0,0,0,0,0,0,0,0,0,0,0,0,0,0,0,0,0,0,0,0,0,0,0,0,0,900,900,900,900,900,900,900,900,900,900,900,900,900,900,900,900,900,900,0,0,0,900,900,0,15,0,0,0,0,0,0,0,0,0
se074,st joseph,3,1StC2,10.7021109,-61.4059031,2,1,y,23/04/2022,10:17,prey,10,0.3,19.7,n,0,0,45,8,266,0.49,12.9,25.63,8993.13,49.62,15,101,0,0,4,0,0,0,0,0,0,0,0,0,0,0,0,0,0,0,0,0,0,0,0,0,0,0,0,0,0,0,0,0,900,900,900,900,900,900,106,900,900,900,106,900,900,900,900,900,209,900,101,0,0,141,900,4,15,1,0,0,0,0,1,0,0,0
se075,st joseph,3,1StC3,10.7027705,-61.4063281,3,1,y,23/04/2022,10:49,prey,10,0.3,19.7,n,0,0,50,5,298,0.38,14.4,26.76,41981.5,60.75,15,0,0,0,0,0,0,0,0,0,0,0,0,0,0,1,0,0,0,0,0,0,0,0,0,0,0,0,0,0,0,0,0,0,900,900,900,900,900,900,900,900,900,900,70,214,900,900,900,900,900,900,0,0,1,70,214,0,15,0,0,0,1,0,0,0,0,0
se076,st joseph,3,1StC1,10.6953817,-61.4069179,4,1,y,23/04/2022,11:15,control,0,NA,NA,n,0,0,40,7,324,2.77,14.6,25.95,775.07,70.82,15,0,0,0,0,0,0,0,0,0,0,0,0,0,0,0,0,0,0,0,0,0,0,0,0,0,0,0,0,0,0,0,0,0,900,900,900,900,900,900,900,900,900,900,900,900,900,900,900,900,900,900,0,0,0,900,900,0,15,0,0,0,0,0,0,0,0,0
se077,st joseph,3,1StC2,10.7021109,-61.4059031,5,1,y,23/04/2022,11:36,control,0,NA,NA,n,0,0,45,8,345,0.49,12.9,25.56,931.8,49.62,15,0,0,0,0,6,0,0,1,0,0,0,0,0,0,0,0,0,0,0,0,5,0,0,1,0,0,0,0,0,0,0,0,0,900,900,900,900,900,900,230,900,900,900,230,900,900,900,607,900,900,900,11,0,0,356,900,2,15,0,1,0,0,0,1,0,0,0
se078,st joseph,3,1StC3,10.7027705,-61.4063281,6,1,y,23/04/2022,11:56,control,0,NA,NA,n,0,0,50,5,365,0.38,14.4,25.61,4497.2,60.75,15,82,0,0,6,11,0,0,3,0,0,0,0,5,0,0,6,0,0,0,0,34,0,0,20,0,0,0,0,0,0,0,0,0,900,900,900,900,900,900,6,900,900,900,6,900,900,900,506,900,450,900,130,0,0,242,900,35,15,1,1,0,1,0,1,0,0,0
se079,turure,2,7TuB1,10.6571704,-61.1675028,1,1,y,24/04/2022,08:31,prey,9,0,24.6,n,1.73,0.44,45,4,161,1.28,13.8,24.39,769.67,59.61,15,12,0,0,1,0,0,0,0,0,0,0,0,0,0,0,0,0,0,0,0,0,0,0,0,0,0,0,0,0,0,0,0,0,900,900,900,900,900,900,4,900,900,900,774,900,900,900,900,900,774,900,12,0,0,517,900,1,15,1,0,0,0,0,1,0,0,0
se080,turure,2,7TuB2,10.657777,-61.1674847,2,1,y,24/04/2022,08:52,prey,9,0,24.6,n,2.1,0.53,55,8,182,0.95,14.8,24.17,1576.13,72.84,15,305,0,6,5,0,0,0,0,0,0,0,0,0,0,0,0,0,0,0,0,0,0,0,0,0,0,0,0,0,0,0,0,0,900,900,900,900,900,900,29,900,900,900,116,900,900,900,900,900,116,130,305,0,6,87,130,5,15,1,0,0,0,0,1,0,0,0
se081,turure,2,7TuB3,10.6580249,-61.1675948,3,1,y,24/04/2022,09:10,prey,9,0,24.6,n,0.07,0.02,59,5,200,1.41,13.5,24.34,5694.53,47.47,15,42,0,0,4,502,1,21,9,0,0,0,0,0,0,0,0,0,0,0,0,0,0,0,0,0,905,1,9,41,0,0,0,0,900,900,7,16,900,900,0,900,900,900,7,900,900,900,197,200,304,900,905,1,30,103,108,54,15,1,1,0,0,0,1,0,1,0
se082,turure,2,7TuB1,10.6571704,-61.1675028,4,1,y,24/04/2022,09:40,control,0,NA,NA,n,1.73,0.44,45,4,230,1.28,13.8,24.78,1041.6,59.61,15,148,0,0,4,0,0,0,0,0,0,0,0,1,0,0,1,0,0,0,0,0,0,0,0,0,0,0,0,0,0,0,0,0,900,900,900,900,900,900,39,900,900,900,39,900,900,900,900,900,39,900,149,0,0,39,900,5,15,1,0,0,1,0,0,0,0,0
se083,turure,2,7TuB2,10.657777,-61.1674847,5,1,y,24/04/2022,09:59,control,0,NA,NA,n,2.1,0.53,55,8,249,0.95,14.8,24.67,3210,72.84,15,78,0,0,3,0,0,0,0,0,0,0,0,22,0,0,5,0,0,0,0,4,0,0,3,0,0,0,0,0,0,0,0,0,900,900,900,900,900,900,8,900,900,900,8,900,900,900,900,900,8,900,104,0,0,8,900,11,15,1,0,0,1,0,1,0,0,0
se084,turure,2,7TuB3,10.6580249,-61.1675948,6,1,y,24/04/2022,10:16,control,0,NA,NA,n,0.07,0.02,59,5,266,1.41,13.5,25.34,30561.13,47.47,15,2,0,0,1,104,0,0,5,0,0,0,0,2,0,0,3,0,0,0,0,27,0,0,11,0,35,0,0,8,0,0,0,0,900,900,64,900,900,900,15,900,900,900,15,900,900,900,18,900,469,900,160,0,0,116,900,28,15,1,1,0,1,0,1,0,1,0
se085,aripo,3,6ArC1,10.650799,-61.2225565,1,1,n,25/04/2022,09:43,prey,10,0.3,19.9,n,0,0,60,5,233,3.83,13.5,26.28,2817.33,55.77,15,902,1,40,12,920,1,153,16,0,0,0,0,0,0,0,0,0,0,0,0,0,0,0,0,0,493,1,2,15,0,0,0,0,900,900,9,311,900,900,9,900,900,900,9,900,900,900,9,11,27,32,920,1,195,12,118,43,15,1,1,0,0,0,1,0,1,0
se086,aripo,3,6ArC2,10.656661,-61.222766,2,1,n,25/04/2022,10:01,prey,10,0.3,19.9,n,0,0,53,8.5,251,2.66,13.7,26.31,10138.13,54.94,15,99,0,1,7,358,0,3,13,0,0,0,0,0,0,0,0,0,0,0,0,0,0,0,0,0,146,0,0,2,0,0,0,0,900,900,499,900,900,900,3,900,900,900,3,900,900,900,272,321,253,425,423,0,4,206,373,22,15,1,1,0,0,0,1,0,1,0
se087,aripo,3,6ArC3,10.6505221,-61.2230803,3,1,n,25/04/2022,10:20,prey,10,0.3,19.9,n,0,0,53,12,270,3.06,14,26.71,25589.93,0,16,0,0,0,0,0,0,0,0,0,0,0,0,0,0,0,0,0,0,0,0,0,0,0,0,0,0,0,0,0,0,0,0,0,960,960,960,960,960,960,960,960,960,960,4,960,960,960,960,960,960,960,0,0,0,4,960,0,16,0,0,0,1,0,0,0,0,0
se088,aripo,3,6ArC1,10.650799,-61.2225565,4,1,n,25/04/2022,10:51,control,0,NA,NA,n,0,0,60,5,301,3.83,13.5,26.97,21076.67,55.77,15,266,0,1,14,884,1,0,28,0,0,0,0,0,0,0,0,0,0,0,0,20,0,0,6,0,308,0,0,15,0,0,0,0,900,900,15,900,900,900,4,900,900,900,0,900,900,900,4,900,87,327,888,1,1,22,327,63,15,1,1,0,1,0,1,0,1,0
se089,aripo,3,6ArC2,10.656661,-61.222766,5,1,n,25/04/2022,11:10,control,0,NA,NA,n,0,0,53,8.5,320,2.66,13.7,27.1,8655.33,54.94,15,15,0,0,1,88,0,0,7,0,0,0,0,0,0,0,0,0,0,0,0,7,0,0,2,0,3,0,0,1,0,0,0,0,900,900,696,900,900,900,26,900,900,900,93,900,900,900,93,900,412,900,98,0,0,264,900,11,15,1,1,0,0,0,1,0,1,0
se090,aripo,3,6ArC3,10.6505221,-61.2230803,6,1,n,25/04/2022,11:26,control,0,NA,NA,n,0,0,53,12,336,3.06,14,27.87,48829.67,0,15,25,0,0,2,0,0,0,0,0,0,0,0,0,0,0,0,0,0,0,0,0,0,0,0,0,0,0,0,0,0,0,0,0,900,900,900,900,900,900,72,900,900,900,3,900,900,900,900,900,365,900,25,0,0,147,900,2,15,1,0,0,1,0,1,0,0,0
se091,arima,1,4ArA1,10.692835,-61.292449,1,1,y,26/04/2022,09:32,prey,11,0.09,18.4,n,0,0,45,12,223,4.4,12.3,24.08,3399.07,14.95,15,35,0,0,3,0,0,0,0,0,0,0,0,0,0,0,0,0,0,0,0,0,0,0,0,0,0,0,0,0,0,0,0,0,900,900,900,900,900,900,232,900,900,900,232,900,900,900,900,900,232,900,35,0,0,232,900,3,15,1,0,0,0,0,0,0,0,0
se092,arima,1,4ArA2,10.692755,-61.292442,2,1,y,26/04/2022,09:51,prey,11,0.09,18.4,n,0,0,56,10,242,5.04,12.9,23.97,12126.07,23.57,15,115,0,3,13,417,0,27,11,0,0,0,0,0,0,0,0,0,0,0,0,0,0,0,0,0,0,0,0,0,0,0,0,0,900,900,900,900,900,900,67,900,900,900,67,900,900,900,158,168,206,180,410,0,30,124,174,24,15,1,1,0,0,0,0,0,0,0
se093,arima,1,4ArA3,10.6927453,-61.292564,3,1,y,26/04/2022,10:12,prey,11,0.09,18.4,n,0,0,50,12,263,5.84,13.2,24.25,17472.67,1.46,15,17,0,0,3,0,0,0,0,0,0,0,0,0,0,0,0,0,0,0,0,0,0,0,0,0,0,0,0,0,0,0,0,0,900,900,900,900,900,900,452,900,900,900,452,900,900,900,900,900,452,900,17,0,0,452,900,3,15,1,0,0,0,0,0,0,0,0
se094,arima,1,4ArA1,10.692835,-61.292449,4,1,y,26/04/2022,10:43,control,0,NA,NA,n,0,0,45,12,294,4.4,12.3,24.3,11058.73,14.95,14,0,0,0,0,0,0,0,0,0,0,0,0,0,0,0,0,0,0,0,0,0,0,0,0,0,0,0,0,0,0,0,0,0,840,840,840,840,840,840,840,840,840,840,900,840,840,840,840,840,840,840,0,0,0,840,840,0,14,0,0,0,0,0,0,0,0,0
se095,arima,1,4ArA2,10.692755,-61.292442,5,1,y,26/04/2022,11:00,control,0,NA,NA,n,0,0,56,10,311,5.04,12.9,24.25,7129.67,23.57,14,239,0,0,19,26,0,0,4,0,0,0,0,0,0,0,0,0,0,0,0,0,0,0,0,0,0,0,0,0,0,0,0,0,840,840,840,840,840,840,16,840,840,840,16,840,840,840,16,840,24,840,257,0,0,18,840,23,14,1,1,0,0,0,0,0,0,0
se096,arima,1,4ArA3,10.6927453,-61.292564,6,1,y,26/04/2022,11:18,control,0,NA,NA,n,0,0,50,12,329,5.84,13.2,24.36,4480.8,1.46,15,128,0,0,11,0,0,0,0,0,0,0,0,0,0,0,0,0,0,0,0,0,0,0,0,0,0,0,0,0,0,0,0,0,900,900,900,900,900,900,335,900,900,900,335,900,900,900,900,900,335,900,128,0,0,335,900,11,15,1,0,0,0,0,0,0,0,0
se097,arima,2,4ArB1,10.6898261,-61.2902994,1,1,y,27/04/2022,09:15,control,0,NA,NA,n,1.93,0.49,59,2,206,2.32,13.2,24.49,3424.4,51.35,15,0,0,0,0,61,0,0,1,0,0,0,0,0,0,0,0,0,0,0,0,0,0,0,0,0,0,0,0,0,0,0,0,0,900,900,900,900,900,900,644,900,900,900,644,900,900,900,644,900,900,900,61,0,0,644,900,1,15,0,1,0,0,0,0,0,0,0
se098,arima,2,4ArB2,10.6910773,-61.2908238,2,1,y,27/04/2022,09:36,control,0,NA,NA,n,0,0,52,10,227,2.71,13,24.38,6829.73,15.7,15,222,0,0,14,50,0,0,2,0,0,0,0,0,0,0,0,0,0,0,0,0,0,0,0,0,0,0,0,0,0,0,0,0,900,900,900,900,900,900,16,900,900,900,16,900,900,900,382,900,270,900,244,0,0,171,900,16,15,1,1,0,0,0,0,0,0,0
se099,arima,2,4ArB3,10.6910499,-61.2907148,3,1,y,27/04/2022,09:52,control,0,NA,NA,n,0,0,58,10,243,2.91,12.6,24.22,7463.2,23.51,15,325,0,1,10,14,0,0,4,0,0,0,0,0,0,0,0,0,0,0,0,0,0,0,0,0,0,0,0,0,0,0,0,0,900,900,900,900,900,900,9,900,900,900,9,900,900,900,340,900,9,32,337,0,1,92,32,14,15,1,1,0,0,0,0,0,0,0
se100,arima,2,4ArB1,10.6898261,-61.2902994,4,1,y,27/04/2022,10:16,prey,11,0.09,27,y,1.93,0.49,59,2,267,2.32,13.2,24.43,2559.07,51.35,15,0,0,0,0,124,0,6,8,0,0,0,0,0,0,0,0,0,0,0,0,0,0,0,0,0,0,0,0,0,0,0,0,0,900,900,900,900,900,900,45,900,900,900,45,900,900,900,45,695,900,900,124,0,6,45,695,8,15,0,1,0,0,0,0,0,0,0
se101,arima,2,4ArB2,10.6910773,-61.2908238,5,1,y,27/04/2022,10:47,prey,11,0.09,27,y,0,0,52,10,298,2.71,13,25.81,43122.4,15.7,15,224,0,7,20,20,0,1,2,0,0,0,0,0,0,0,0,0,0,0,0,0,0,0,0,0,0,0,0,0,0,0,0,0,900,900,900,900,900,900,52,900,900,900,52,900,900,900,52,895,200,401,236,0,8,89,648,22,15,1,1,0,0,0,0,0,0,0
se102,arima,2,4ArB3,10.6910499,-61.2907148,6,1,y,27/04/2022,11:04,prey,11,0.09,27,y,0,0,58,10,315,2.91,12.6,25.07,15994.2,23.51,15,21,0,0,2,565,1,46,22,0,0,0,0,0,0,0,0,0,0,0,0,0,0,0,0,0,0,0,0,0,0,0,0,0,900,900,900,900,900,900,200,900,900,900,200,900,900,900,313,315,200,900,576,1,46,228,315,24,15,1,1,0,0,0,0,0,0,0
se103,arima,3,4ArC1,10.653088,-61.2831289,1,1,y,27/04/2022,13:26,prey,10,0.2,22.8,n,0.83,0.21,60,3,457,13.35,14.9,27.89,1899.8,31.68,15,0,0,0,0,0,0,0,0,0,0,0,0,0,0,0,0,0,0,0,0,7,0,0,5,0,0,0,0,0,0,0,0,0,900,900,900,900,900,900,154,900,900,900,154,900,900,900,900,900,900,900,7,0,0,154,900,5,15,0,0,0,0,0,1,0,0,0
se104,arima,3,4ArC2,10.6534538,-61.2834823,2,1,y,27/04/2022,13:45,prey,10,0.2,22.8,n,2.33,0.59,45,5,476,11.65,14.8,27.46,196.93,68.29,15,0,0,0,0,0,0,0,0,0,0,0,0,0,0,0,0,0,0,0,0,0,0,0,0,0,0,0,0,0,0,0,0,0,900,900,900,900,900,900,900,900,900,900,900,900,900,900,900,900,900,900,0,0,0,900,900,0,15,0,0,0,0,0,0,0,0,0
se105,arima,3,4ArC3,10.6533681,-61.2835612,3,1,y,27/04/2022,14:02,prey,10,0.2,22.8,n,0,0,53,2,493,11.8,14.8,27.42,791.33,44.05,15,6,0,0,1,0,0,0,0,0,0,0,0,0,0,0,0,0,0,0,0,0,0,0,0,0,0,0,0,0,0,0,0,0,900,900,900,900,900,900,425,900,900,900,425,900,900,900,900,900,425,900,6,0,0,425,900,1,15,1,0,0,0,0,0,0,0,0
se106,guanapo,1,5GuA1,10.6956507,-61.2615404,1,1,y,28/04/2022,11:46,control,0,NA,NA,y,3.13,0.79,71,4,357,1.69,13.1,24.95,9311.27,51.13,15,6,0,0,1,0,0,0,0,0,0,0,0,0,0,0,0,0,0,0,0,6,0,0,2,0,0,0,0,0,0,0,0,0,900,900,900,900,900,900,305,900,900,900,12,900,900,900,900,900,320,900,12,0,0,212,900,3,15,1,0,0,1,0,1,0,0,0
se107,guanapo,1,5GuA2,10.6960796,-61.2617315,2,1,y,28/04/2022,12:05,control,0,NA,NA,y,3.73,0.94,63,7,376,1.71,13.6,24.85,17684,0.01,15,0,0,0,0,0,0,0,0,0,0,0,0,0,0,0,0,0,0,0,0,6,0,0,3,0,0,0,0,0,0,0,0,0,900,900,900,900,900,900,680,900,900,900,8,900,900,900,900,900,900,900,6,0,0,344,900,3,15,0,0,0,1,0,1,0,0,0
se108,guanapo,1,5GuA1,10.6956507,-61.2615404,4,1,y,28/04/2022,12:46,prey,10,0.3,21.9,y,0,0,69,3,417,1.61,13.3,24.91,13297.73,51.13,15,19,0,0,3,0,0,0,0,0,0,0,0,0,0,0,0,0,0,0,0,0,0,0,0,0,0,0,0,0,0,0,0,0,900,900,900,900,900,900,56,900,900,900,31,900,900,900,900,900,56,900,19,0,0,48,900,3,15,1,0,0,1,0,0,0,0,0
se109,guanapo,1,5GuA2,10.6960796,-61.2617315,5,1,y,28/04/2022,13:03,prey,10,0.3,21.9,y,3.13,0.79,71,4,434,1.69,13.1,24.88,23191.93,0.01,15,0,0,0,0,0,0,0,0,0,0,0,0,0,0,0,0,0,0,0,0,34,0,0,7,0,0,0,0,0,0,0,0,0,900,900,900,900,900,900,117,900,900,900,10,900,900,900,900,900,900,900,34,0,0,63,900,7,15,0,0,0,1,0,1,0,0,0
se110,guanapo,1,5GuA3,10.6965746,-61.262246,7,1,y,28/04/2022,13:37,prey,10,0.3,21.9,n,0.4,0.1,53,4,468,1.83,13.3,24.46,3735.27,56.08,15,16,0,0,1,0,0,0,0,0,0,0,0,0,0,0,0,0,0,0,0,11,0,0,6,0,0,0,0,0,0,0,0,0,900,900,900,900,900,900,16,900,900,900,11,900,900,900,900,900,350,900,27,0,0,126,900,7,15,1,0,0,1,0,1,0,0,0
se111,guanapo,1,5GuA3,10.6965746,-61.262246,8,1,y,28/04/2022,14:02,control,0,NA,NA,n,0,0,69,3,493,1.61,13.3,24.71,2489.93,56.08,14,56,0,0,3,0,0,0,0,0,0,0,0,25,0,0,11,0,0,0,0,0,0,0,0,0,0,0,0,0,0,0,0,0,840,840,840,840,840,840,37,840,840,840,2,840,840,840,840,840,183,840,80,0,0,74,840,14,14,1,0,0,1,0,0,0,0,0
se112,aripo,1,6ArA1,10.6851116,-61.2324062,1,2,n,30/04/2022,09:52,control,0,NA,NA,y,0,0,45,5,244,1.17,11.7,24.96,618,70.43,15,0,0,0,0,0,0,0,0,0,0,0,0,0,0,0,0,146,0,0,5,0,0,0,0,0,0,0,0,0,0,0,0,0,900,900,900,900,900,900,27,900,322,900,27,900,900,900,900,900,900,900,146,0,0,125,900,5,15,0,0,0,0,1,0,0,0,0
se113,aripo,1,6ArA2,10.6850535,-61.2324939,2,2,n,30/04/2022,10:08,control,0,NA,NA,y,0,0,55,4,260,1.17,11.7,24.59,1396.87,57.2,15,0,0,0,0,0,0,0,0,0,0,0,0,0,0,0,0,845,1,3,11,0,0,0,0,0,0,0,0,0,0,0,0,0,900,900,900,900,900,900,9,900,18,220,9,900,900,900,900,900,900,900,845,1,3,12,220,11,15,0,0,0,0,1,0,0,0,0
se114,aripo,1,6ArA3,10.6857708,-61.2324635,3,2,n,30/04/2022,10:27,control,0,NA,NA,y,0,0,41,2,279,2.8,11.9,24.76,3300.6,55.47,15,0,0,0,0,0,0,0,0,0,0,0,0,0,0,0,0,364,0,0,7,0,0,0,0,0,0,0,0,0,0,0,0,0,900,900,900,900,900,900,55,900,150,900,55,900,900,900,900,900,900,900,364,0,0,87,900,7,15,0,0,0,0,1,0,0,0,0
se115,aripo,1,6ArA1,10.6851116,-61.2324062,4,2,n,30/04/2022,10:50,prey,10,0.7,21.9,y,0,0,45,5,302,1.17,11.7,24.92,2794.93,70.43,15,0,0,0,0,0,0,0,0,0,0,0,0,0,0,0,0,844,1,7,11,0,0,0,0,0,0,0,0,0,0,0,0,0,900,900,900,900,900,900,25,900,25,50,25,900,900,900,900,900,900,900,844,1,7,25,50,11,15,0,0,0,0,1,0,0,0,0
se116,aripo,1,6ArA2,10.6850535,-61.2324939,5,2,n,30/04/2022,11:06,prey,10,0.7,21.9,y,0,0,55,4,318,1.17,11.7,24.8,1129.6,57.2,15,0,0,0,0,0,0,0,0,0,0,0,0,0,0,0,0,392,0,1,10,0,0,0,0,0,0,0,0,0,0,0,0,0,900,900,900,900,900,900,98,900,98,114,98,900,900,900,900,900,900,900,392,0,1,98,114,10,15,0,0,0,0,1,0,0,0,0
se117,aripo,1,6ArA3,10.6857708,-61.2324635,6,2,n,30/04/2022,11:24,prey,10,0.7,21.9,y,0,0,41,2,336,2.8,11.9,25.19,10404.8,55.47,15,0,0,0,0,0,0,0,0,0,0,0,0,0,0,0,0,373,0,0,15,0,0,0,0,0,0,0,0,0,0,0,0,0,900,900,900,900,900,900,68,900,68,900,68,900,900,900,900,900,900,900,373,0,0,68,900,15,15,0,0,0,0,1,0,0,0,0
se118,aripo,2,6ArB1,10.6812097,-61.2302274,1,2,n,30/04/2022,13:44,prey,10,0.2,23.2,n,0,0,79,5,476,3.55,12.9,26.03,5817.87,92.75,15,0,0,0,0,0,0,0,0,0,0,0,0,0,0,0,0,813,1,16,21,0,0,0,0,0,0,0,0,0,0,0,0,0,900,900,900,900,900,900,13,900,13,17,13,900,900,900,900,900,900,900,813,1,16,13,17,21,15,0,0,0,0,1,0,0,0,0
se119,aripo,2,6ArB2,10.6814853,-61.2303903,2,2,n,30/04/2022,14:05,prey,10,0.2,23.2,n,0,0,60,5,497,13.58,11.9,25.97,7693.27,46.02,15,0,0,0,0,0,0,0,0,0,0,0,0,0,0,0,0,430,0,2,10,0,0,0,0,0,0,0,0,0,0,0,0,0,900,900,900,900,900,900,24,900,24,245,24,900,900,900,900,900,900,900,430,0,2,24,245,10,15,0,0,0,0,1,0,0,0,0
se120,aripo,2,6ArB3,10.6815743,-61.2305072,3,2,n,30/04/2022,14:22,prey,10,0.2,23.2,n,0,0,66,3,514,2.71,11.9,25.64,2901.2,54.18,15,0,0,0,0,0,0,0,0,0,0,0,0,0,0,0,0,796,1,6,18,0,0,0,0,0,0,0,0,0,0,0,0,0,900,900,900,900,900,900,61,900,61,546,61,900,900,900,900,900,900,900,796,1,6,61,546,18,15,0,0,0,0,1,0,0,0,0
se121,aripo,2,6ArB1,10.6812097,-61.2302274,4,2,n,30/04/2022,14:56,control,0,NA,NA,n,0,0,79,5,548,3.55,12.9,25.46,2279.73,92.75,15,0,0,0,0,0,0,0,0,0,0,0,0,0,0,0,0,795,1,9,8,0,0,0,0,0,0,0,0,0,0,0,0,0,900,900,900,900,900,900,82,900,82,246,82,900,900,900,900,900,900,900,795,1,9,82,246,8,15,0,0,0,0,1,0,0,0,0
se122,aripo,2,6ArB2,10.6814853,-61.2303903,5,2,n,30/04/2022,15:20,control,0,NA,NA,n,0,0,60,5,572,13.58,11.9,25.61,3850.75,46.02,11,0,0,0,0,0,0,0,0,0,0,0,0,0,0,0,0,29,0,0,2,0,0,0,0,0,0,0,0,0,0,0,0,0,660,660,660,660,660,660,70,660,70,660,70,660,660,660,660,660,660,660,29,0,0,70,660,2,11,0,0,0,0,1,0,0,0,0
se123,aripo,2,6ArB3,10.6815743,-61.2305072,6,2,n,30/04/2022,16:34,control,0,NA,NA,n,0,0,66,3,646,2.71,11.9,25.32,614.6,54.18,13,0,0,0,0,0,0,0,0,0,0,0,0,0,0,0,0,165,0,0,3,0,0,0,0,0,0,0,0,0,0,0,0,0,780,780,780,780,780,780,23,780,557,780,23,780,780,780,780,780,780,780,165,0,0,201,780,3,13,0,0,0,0,1,0,0,0,0
se124,arima,3,4ArC1,10.653088,-61.2831289,1,2,y,01/05/2022,08:33,control,0,NA,NA,y,1.83,0.46,51,3,165,6.97,14.3,25.09,3910.2,26.86,15,0,0,0,0,0,0,0,0,0,0,0,0,6,0,0,4,0,0,0,0,0,0,0,0,0,0,0,0,0,0,0,0,0,900,900,900,900,900,900,64,900,900,900,64,900,900,900,900,900,900,900,6,0,0,64,900,4,15,0,0,0,1,0,0,0,0,0
se125,arima,3,4ArC2,10.6534538,-61.2834823,2,2,y,01/05/2022,08:50,control,0,NA,NA,y,2.47,0.62,50,5,182,9.74,13.6,24.86,2040.67,64.45,15,0,0,0,0,0,0,0,0,0,0,0,0,0,0,0,0,0,0,0,0,0,0,0,0,0,0,0,0,0,0,0,0,0,900,900,900,900,900,900,900,900,900,900,900,900,900,900,900,900,900,900,0,0,0,900,900,0,15,0,0,0,0,0,0,0,0,0
se126,arima,3,4ArC3,10.6533681,-61.2835612,3,2,y,01/05/2022,09:07,control,0,NA,NA,y,0,0,61,2,199,9.04,15,25.67,12076.33,44.05,15,0,0,0,0,0,0,0,0,0,0,0,0,0,0,0,0,0,0,0,0,0,0,0,0,0,0,0,0,0,0,0,0,0,900,900,900,900,900,900,900,900,900,900,900,900,900,900,900,900,900,900,0,0,0,900,900,0,15,0,0,0,0,0,0,0,0,0
se127,arima,3,4ArC1,10.653088,-61.2831289,4,2,y,01/05/2022,09:29,prey,10,0.5,22.3,y,1.83,0.46,51,3,221,6.97,14.3,25.8,18402.53,26.86,15,0,0,0,0,0,0,0,0,0,0,0,0,0,0,0,0,0,0,0,0,0,0,0,0,0,0,0,0,0,0,0,0,0,900,900,900,900,900,900,762,900,900,900,762,900,900,900,900,900,900,900,0,0,0,762,900,0,15,0,0,0,0,0,0,0,0,0
se128,arima,3,4ArC2,10.6534538,-61.2834823,5,2,y,01/05/2022,09:45,prey,10,0.5,22.3,y,2.47,0.62,50,5,237,9.74,13.6,25.74,5033.47,64.45,15,0,0,0,0,0,0,0,0,0,0,0,0,0,0,0,0,0,0,0,0,0,0,0,0,0,0,0,0,0,0,0,0,0,900,900,900,900,900,900,900,900,900,900,900,900,900,900,900,900,900,900,0,0,0,900,900,0,15,0,0,0,0,0,0,0,0,0
se129,arima,3,4ArC3,10.6533681,-61.2835612,6,2,y,01/05/2022,10:01,prey,10,0.5,22.3,y,0,0,61,2,253,9.04,15,26.54,24523.8,44.05,15,0,0,0,0,0,0,0,0,0,0,0,0,0,0,0,0,0,0,0,0,0,0,0,0,0,0,0,0,0,0,0,0,0,900,900,900,900,900,900,55,900,900,900,55,900,900,900,900,900,900,900,0,0,0,55,900,0,15,0,0,0,0,0,0,0,0,0
se130,turure,2,7TuB1,10.6571704,-61.1675028,1,2,y,01/05/2022,12:42,control,0,NA,NA,y,0.67,0.17,51,4,414,1.46,14.5,27.22,2312.2,65.75,15,85,0,0,7,67,0,0,3,0,0,0,0,0,0,0,0,0,0,0,0,6,0,0,6,0,0,0,0,0,0,0,0,0,900,900,900,900,900,900,21,900,900,900,14,900,900,900,53,900,21,900,139,0,0,27,900,16,15,1,1,0,1,0,1,0,0,0
se131,turure,2,7TuB2,10.657777,-61.1674847,2,2,y,01/05/2022,13:01,control,0,NA,NA,y,0,0,56,8,433,1.71,14,26.8,1055.47,73.13,15,4,0,0,1,0,0,0,0,0,0,0,0,1,0,0,1,0,0,0,0,2,0,0,3,0,0,0,0,0,0,0,0,0,900,900,900,900,900,900,15,900,900,900,15,900,900,900,900,900,119,900,7,0,0,50,900,5,15,1,0,0,1,0,1,0,0,0
se132,turure,2,7TuB3,10.6580249,-61.1675948,3,2,y,01/05/2022,13:18,control,0,NA,NA,y,0,0,57,5,450,2.58,14.6,27.11,7906.67,47.47,15,87,0,0,4,24,0,0,4,0,0,0,0,2,0,0,1,0,0,0,0,9,0,0,4,0,124,0,0,14,0,0,0,0,900,900,44,900,900,900,5,900,900,900,5,900,900,900,28,900,287,900,245,0,0,74,900,27,15,1,1,0,1,0,1,0,1,0
se133,turure,2,7TuB1,10.6571704,-61.1675028,4,2,y,01/05/2022,13:40,prey,10,0.2,24.1,y,0.67,0.17,51,4,472,1.46,14.5,27.02,4291,65.75,15,94,0,0,4,0,0,0,0,0,0,0,0,0,0,0,0,0,0,0,0,11,0,0,9,0,0,0,0,0,0,0,0,0,900,900,900,900,900,900,2,900,900,900,2,900,900,900,900,900,101,900,105,0,0,35,900,13,15,1,0,0,0,0,1,0,0,0
se134,turure,2,7TuB2,10.657777,-61.1674847,5,2,y,01/05/2022,13:59,prey,10,0.2,24.1,y,0,0,56,8,491,1.71,14,26.88,1051.53,73.13,15,136,0,1,7,7,0,0,2,0,0,0,0,0,0,0,0,0,0,0,0,11,0,1,4,0,0,0,0,0,0,0,0,0,900,900,900,900,900,900,48,515,900,900,48,900,900,900,258,900,73,105,151,0,2,107,310,13,15,1,1,0,1,0,1,0,0,0
se135,turure,2,7TuB3,10.6580249,-61.1675948,6,2,y,01/05/2022,14:17,prey,10,0.2,24.1,y,0,0,57,5,509,2.58,14.6,27.23,6532.27,47.47,15,901,1,16,26,879,1,202,12,0,0,0,0,0,0,0,0,0,0,0,0,0,0,0,0,0,896,1,1,11,0,0,0,0,900,900,30,34,900,900,24,900,900,900,5,900,900,900,46,47,24,51,901,1,219,26,44,49,15,1,1,0,1,0,0,0,1,0
se136,st joseph,2,1StB1,10.7129085,-61.4124237,1,2,y,02/05/2022,08:44,control,0,NA,NA,y,0,0,50,2,177,1.11,8.9,24.99,307.73,67.74,15,843,1,0,30,145,0,1,22,0,0,0,0,0,0,0,0,0,0,0,0,8,0,0,6,0,0,0,0,0,0,0,0,0,900,900,900,900,900,900,39,900,900,900,39,900,900,900,84,621,39,900,656,1,1,50,621,58,15,1,1,0,0,0,1,0,0,0
se137,st joseph,2,1StB2,10.7125659,-61.4126429,2,2,y,02/05/2022,09:04,control,0,NA,NA,y,0,0,109,4,197,1.04,7.7,24.87,294.87,65.08,15,114,0,0,7,88,0,0,4,0,0,0,0,0,0,0,0,0,0,0,0,0,0,0,0,0,0,0,0,0,0,0,0,0,900,900,900,900,900,900,0,900,900,900,0,900,900,900,0,900,363,900,187,0,0,91,900,11,15,1,1,0,0,0,1,0,0,0
se138,st joseph,2,1StB3,10.7199211,-61.4086032,3,2,y,02/05/2022,09:23,control,0,NA,NA,y,0,0,56,8,216,0.83,7,26.01,12078.07,33.4,15,43,0,0,4,39,0,0,3,0,0,0,0,0,0,0,0,0,0,0,0,0,0,0,1,0,0,0,0,0,0,0,0,0,900,900,900,900,900,900,108,900,900,900,108,900,900,900,108,900,344,900,81,0,0,167,900,8,15,1,1,0,0,0,1,0,0,0
se139,st joseph,2,1StB1,10.7129085,-61.4124237,4,2,y,02/05/2022,09:46,prey,10,0.2,26.1,y,0,0,50,2,239,1.11,8.9,25.34,497.6,67.74,15,346,0,18,20,883,1,271,11,0,0,0,0,0,0,0,0,0,0,0,0,19,0,0,14,0,0,0,0,0,0,0,0,0,900,900,900,900,900,900,28,900,900,900,28,900,900,900,28,29,63,63,883,1,289,37,46,45,15,1,1,0,0,0,1,0,0,0
se140,st joseph,2,1StB2,10.7125659,-61.4126429,5,2,y,02/05/2022,10:04,prey,10,0.2,26.1,y,0,0,109,4,257,1.04,7.7,24.96,472.13,65.08,15,428,0,40,20,734,1,113,21,0,0,0,0,0,0,0,0,0,0,0,0,3,0,3,2,12,0,0,0,0,0,0,0,0,900,900,900,900,174,900,3,604,900,900,3,900,900,900,3,4,460,465,891,1,156,129,357,43,15,1,1,0,0,0,1,1,0,0
se141,st joseph,2,1StB3,10.7199211,-61.4086032,6,2,y,02/05/2022,10:22,prey,10,0.2,26.1,y,0,0,56,8,275,0.83,7,26.85,40307.53,33.4,15,532,1,11,11,766,1,239,19,38,0,1,1,0,0,0,0,0,0,0,0,0,0,0,0,0,0,0,0,0,0,0,0,0,900,900,900,900,900,900,34,900,900,900,144,900,432,467,144,146,347,413,766,1,251,220,342,31,15,1,1,1,0,0,1,0,0,0
se142,st joseph,1,1StA1,10.7186245,-61.4205861,1,2,y,02/05/2022,12:46,prey,12,0.5,22.8,n,0,0,51,5,419,1.49,13.5,27.43,19172.36,49.46,15,641,1,1,12,741,1,247,30,39,0,0,1,0,0,0,0,0,0,0,0,0,0,0,0,0,0,0,0,0,0,0,0,0,900,900,900,900,900,900,1,900,900,900,1,900,771,900,57,213,111,878,778,1,248,188,546,43,15,1,1,1,0,0,1,0,0,0
se143,st joseph,1,1StA2,10.7186214,-61.4206214,2,2,y,02/05/2022,13:02,prey,12,0.5,22.8,n,0,0,83,4,435,1.35,13.1,27.31,35748.27,23.8,16,314,0,3,19,831,1,100,27,82,0,3,2,0,0,0,0,0,0,0,0,0,0,0,0,0,0,0,0,0,0,0,0,0,960,960,960,960,960,960,27,960,960,960,27,960,346,940,87,405,27,611,884,1,106,102,652,48,16,1,1,1,0,0,1,0,0,0
se144,st joseph,1,1StA3,10.7187229,-61.4206169,3,2,y,02/05/2022,13:20,prey,12,0.5,22.8,n,0,0,60,6,453,2.19,12.1,26.85,6491.33,61.05,16,943,1,42,52,938,1,304,15,0,0,0,0,0,0,0,0,0,0,0,0,0,0,0,0,6,0,0,0,0,0,0,0,0,960,960,960,960,220,960,6,960,960,960,6,960,960,960,11,17,6,20,943,1,346,50,18,67,16,1,1,0,0,0,1,1,0,0
se145,st joseph,1,1StA1,10.7186245,-61.4205861,4,2,y,02/05/2022,13:48,control,0,NA,NA,n,0,0,51,5,481,1.49,13.5,27.44,9702.6,49.46,15,355,0,0,15,380,0,0,35,0,0,0,0,0,0,0,0,0,0,0,0,0,0,0,0,0,0,0,0,0,0,0,0,0,900,900,900,900,900,900,27,900,900,900,27,900,900,900,27,900,31,900,441,0,0,28,900,50,15,1,1,0,0,0,0,0,0,0
se146,st joseph,1,1StA2,10.7186214,-61.4206214,5,2,y,02/05/2022,14:04,control,0,NA,NA,n,0,0,83,4,497,1.35,13.1,27.65,32036.13,23.8,15,107,0,0,8,162,0,0,18,0,0,0,0,0,0,0,1,0,0,0,0,4,0,0,3,0,0,0,0,0,0,0,0,0,900,900,900,900,900,900,6,900,900,900,6,900,900,900,6,900,48,900,260,0,0,16,900,30,15,1,1,0,1,0,1,0,0,0
se147,st joseph,1,1StA3,10.7187229,-61.4206169,6,2,y,02/05/2022,14:21,control,0,NA,NA,n,0,0,60,6,514,2.19,12.1,26.98,3957.4,61.05,16,393,0,2,37,598,1,1,18,0,0,0,0,0,0,0,0,0,0,0,0,589,1,0,24,24,0,0,0,0,0,0,0,0,960,960,960,960,411,960,4,960,960,960,4,960,960,960,11,857,4,75,820,1,3,87,466,79,16,1,1,0,0,0,1,1,0,0
se148,caura,3,2CaC1,10.6807475,-61.362376,1,2,n,03/05/2022,09:38,control,0,NA,NA,y,1.1,0.28,56,12.5,231,1.74,14.1,25.17,1360.87,59.25,15,18,0,0,1,44,0,0,6,0,0,0,0,0,0,0,0,0,0,0,0,0,0,0,0,0,0,0,0,0,0,0,0,0,900,900,900,900,900,900,151,900,900,900,151,900,900,900,151,900,309,900,63,0,0,191,900,7,15,1,1,0,0,0,0,0,0,0
se149,caura,3,2CaC2,10.6808515,-61.3624565,2,2,n,03/05/2022,09:58,control,0,NA,NA,y,0.2,0.05,71,11,251,2.21,14.6,24.83,2001.07,57.57,15,23,0,0,1,0,0,0,0,0,0,0,0,0,0,0,0,0,0,0,0,0,0,0,0,0,0,0,0,0,0,0,0,0,900,900,900,900,900,900,52,900,900,900,52,900,900,900,900,900,52,900,23,0,0,52,900,1,15,1,0,0,0,0,0,0,0,0
se150,caura,3,2CaC3,10.6808515,-61.3624565,3,2,n,03/05/2022,10:13,control,0,NA,NA,y,0,0,57,9,266,1.45,14,24.93,6990.4,59.16,15,0,0,0,0,19,0,0,2,0,0,0,0,0,0,0,0,0,0,0,0,0,0,0,0,0,0,0,0,0,0,0,0,0,900,900,900,900,900,900,220,900,900,900,5,900,900,900,851,900,900,900,19,0,0,359,900,2,15,0,1,0,1,0,1,0,0,0
se151,caura,3,2CaC1,10.6807475,-61.362376,4,2,n,03/05/2022,10:35,prey,10,0.3,23.6,y,1.1,0.28,56,12.5,288,1.74,14.1,25.26,13143.87,59.25,15,146,0,5,5,525,1,22,17,0,0,0,0,0,0,0,0,0,0,0,0,0,0,0,0,0,0,0,0,0,0,0,0,0,900,900,900,900,900,900,115,900,900,900,115,900,900,900,115,118,266,268,554,1,27,153,193,22,15,1,1,0,0,0,0,0,0,0
se152,caura,3,2CaC2,10.6808515,-61.3624565,5,2,n,03/05/2022,10:51,prey,10,0.3,23.6,y,0.2,0.05,71,11,304,2.21,14.6,24.94,1769.07,57.57,15,0,0,0,0,0,0,0,0,0,0,0,0,0,0,0,0,0,0,0,0,0,0,0,0,0,0,0,0,0,0,0,0,0,900,900,900,900,900,900,900,900,900,900,900,900,900,900,900,900,900,900,0,0,0,900,900,0,15,0,0,0,0,0,0,0,0,0
se153,caura,3,2CaC3,10.6808515,-61.3624565,6,2,n,03/05/2022,11:09,prey,10,0.3,23.6,y,0,0,57,9,322,1.45,14,25.19,3282.87,59.16,15,0,0,0,0,477,1,23,13,0,0,0,0,0,0,0,0,0,0,0,0,0,0,0,0,0,0,0,0,0,0,0,0,0,900,900,900,900,900,900,121,900,900,900,2,900,900,900,299,398,900,900,477,1,23,140,398,13,15,0,1,0,1,0,1,0,0,0
se154,lopinot,3,3LoC1,10.660151,-61.3257801,1,2,n,03/05/2022,14:06,prey,10,0.3,25,n,0,0,51,8,499,1.65,13.8,26.26,921.4,51.72,15,240,0,0,10,6,0,0,1,0,0,0,0,0,0,0,0,0,0,0,0,0,0,0,0,0,0,0,0,0,0,0,0,0,900,900,900,900,900,900,2,900,900,900,2,900,900,900,96,900,2,900,243,0,0,25,900,11,15,1,1,0,0,0,0,0,0,0
se155,lopinot,3,3LoC2,10.6602532,-61.3261689,2,2,n,03/05/2022,14:24,prey,10,0.3,25,n,0,0,68,12,517,2.22,13.3,25.83,742.93,53.24,15,0,0,0,0,78,0,0,8,35,0,3,2,7,0,0,6,0,0,0,0,0,0,0,0,0,0,0,0,0,0,0,0,0,900,900,900,900,900,900,0,900,900,900,0,900,0,128,30,900,900,900,119,0,3,7,128,16,15,0,1,1,1,0,0,0,0,0
se156,lopinot,3,3LoC3,10.6605097,-61.326418,3,2,n,03/05/2022,14:43,prey,10,0.3,25,n,1.3,0.33,60,8,536,1.82,14.1,25.8,4356.67,49.43,15,178,0,11,2,228,0,113,8,0,0,0,0,0,0,0,0,0,0,0,0,0,0,0,0,0,0,0,0,0,0,0,0,0,900,900,900,900,900,900,251,900,900,900,251,900,900,900,251,711,724,738,228,0,124,369,725,10,15,1,1,0,0,0,0,0,0,0
se157,lopinot,3,3LoC1,10.660151,-61.3257801,4,2,n,03/05/2022,15:17,control,0,NA,NA,n,0,0,51,8,570,1.65,13.8,26.04,829.2,51.72,15,38,0,0,2,0,0,0,0,0,0,0,0,0,0,0,0,0,0,0,0,0,0,0,0,0,0,0,0,0,0,0,0,0,900,900,900,900,900,900,66,900,900,900,66,900,900,900,900,900,535,900,38,0,0,222,900,2,15,1,0,0,0,0,0,0,0,0
se158,lopinot,3,3LoC2,10.6602532,-61.3261689,5,2,n,03/05/2022,15:35,control,0,NA,NA,n,0,0,68,12,588,2.22,13.3,25.66,468.87,53.24,15,121,0,0,5,15,0,0,4,0,0,0,0,3,0,0,4,0,0,0,0,0,0,0,0,0,0,0,0,0,0,0,0,0,900,900,900,900,900,900,90,900,900,900,90,900,900,900,90,900,286,900,134,0,0,139,900,13,15,1,1,0,1,0,0,0,0,0
se159,lopinot,3,3LoC3,10.6605097,-61.326418,6,2,n,03/05/2022,15:52,control,0,NA,NA,n,1.3,0.33,60,8,605,1.82,14.1,25.58,1217.6,49.43,15,0,0,0,0,366,0,2,22,0,0,0,0,6,0,0,4,0,0,0,0,0,0,0,0,0,0,0,0,0,0,0,0,0,900,900,900,900,900,900,199,900,900,900,124,900,900,900,199,393,900,900,368,0,2,174,393,26,15,0,1,0,1,0,0,0,0,0
se160,lopinot,2,3LoB1,10.6915927,-61.3234136,1,2,n,04/05/2022,09:34,control,0,NA,NA,y,0,0,55,3,228,1.47,8.7,25.5,7433.53,87.72,15,302,0,1,17,82,0,0,13,0,0,0,0,0,0,0,0,0,0,0,0,0,0,0,0,0,0,0,0,0,0,0,0,0,900,900,900,900,900,900,76,900,900,900,76,900,900,900,104,900,76,595,332,0,1,83,595,30,15,1,1,0,0,0,0,0,0,0
se161,lopinot,2,3LoB2,10.6921781,-61.323294,2,2,n,04/05/2022,00:53,control,0,NA,NA,y,0,0,55,4,-293,1.26,9.4,25,1607.33,68.88,15,158,0,0,9,0,0,0,0,0,0,0,0,0,0,0,0,0,0,0,0,0,0,0,0,0,0,0,0,0,0,0,0,0,900,900,900,900,900,900,97,900,900,900,97,900,900,900,900,900,97,900,158,0,0,97,900,9,15,1,0,0,0,0,0,0,0,0
se162,lopinot,2,3LoB3,10.6924552,-61.3231855,3,2,n,04/05/2022,10:10,control,0,NA,NA,y,0,0,53,9.5,264,1.34,9.2,25.49,18927.67,51.4,15,158,0,0,9,0,0,0,0,0,0,0,0,0,0,0,0,0,0,0,0,0,0,0,0,0,0,0,0,0,0,0,0,0,900,900,900,900,900,900,97,900,900,900,97,900,900,900,900,900,97,900,158,0,0,97,900,9,15,1,0,0,0,0,0,0,0,0
se163,lopinot,2,3LoB1,10.6915927,-61.3234136,4,2,n,04/05/2022,10:31,prey,11,0.18,24.5,y,0,0,55,3,285,1.47,8.7,25.82,23410.4,87.72,15,30,0,1,3,832,1,188,51,0,0,0,0,0,0,0,0,0,0,0,0,0,0,0,0,0,0,0,0,0,0,0,0,0,900,900,900,900,900,900,44,900,900,900,44,900,900,900,44,46,73,79,832,1,189,51,63,54,15,1,1,0,0,0,0,0,0,0
se164,lopinot,2,3LoB2,10.6921781,-61.323294,5,2,n,04/05/2022,10:49,prey,11,0.18,24.5,y,0,0,55,4,303,1.26,9.4,25.62,2392.07,68.88,15,92,0,3,7,856,1,43,18,0,0,0,0,0,0,0,0,0,0,0,0,0,0,0,0,0,0,0,0,0,0,0,0,0,900,900,900,900,900,900,48,900,900,900,48,900,900,900,48,50,159,167,856,1,46,76,108,25,15,1,1,0,0,0,0,0,0,0
se165,lopinot,2,3LoB3,10.6924552,-61.3231855,6,2,n,04/05/2022,11:06,prey,11,0.18,24.5,y,0,0,53,9.5,320,1.34,9.2,26.09,18589.6,51.4,15,291,0,5,20,40,0,7,3,0,0,0,0,0,0,0,0,0,0,0,0,0,0,0,0,0,0,0,0,0,0,0,0,0,900,900,900,900,900,900,3,900,900,900,3,900,900,900,186,884,3,4,330,0,12,49,444,23,15,1,1,0,0,0,0,0,0,0
se166,lopinot,1,3LoA1,10.704669,-61.3208909,1,2,n,04/05/2022,13:25,prey,10,0.4,26.1,n,0,0,64,2,459,1.58,13.2,26.26,2284.31,76.76,15,433,0,4,10,340,0,8,9,0,0,0,0,0,0,0,0,0,0,0,0,0,0,0,0,0,0,0,0,0,0,0,0,0,900,900,900,900,900,900,166,900,900,900,166,900,900,900,492,492,166,168,433,0,12,247,330,19,15,1,1,0,0,0,0,0,0,0
se167,lopinot,1,3LoA2,10.7048464,-61.3207613,2,2,n,04/05/2022,13:44,prey,10,0.4,26.1,n,0,0,52,7,478,1.6,13.6,26.94,44815.73,46.55,15,110,0,0,10,23,0,0,1,0,0,0,0,0,0,0,0,0,0,0,0,0,0,0,0,0,0,0,0,0,0,0,0,0,900,900,900,900,900,900,102,900,900,900,102,900,900,900,173,900,165,900,113,0,0,135,900,11,15,1,1,0,0,0,0,0,0,0
se168,lopinot,1,3LoA3,10.7054614,-61.3207949,3,2,n,04/05/2022,14:06,prey,10,0.4,26.1,n,0.67,0.17,66,4,500,1.16,13.8,26.75,15909.4,54.8,15,398,0,8,13,803,1,108,9,0,0,0,0,0,0,0,0,0,0,0,0,0,0,0,0,4,0,0,0,0,0,0,0,0,900,900,900,900,206,900,31,900,900,900,12,900,900,900,31,84,491,541,817,1,116,154,312,22,15,1,1,0,1,0,0,1,0,0
se169,lopinot,1,3LoA1,10.704669,-61.3208909,4,2,n,04/05/2022,14:36,control,0,NA,NA,n,0,0,64,2,530,1.58,13.2,26.67,1296.27,76.76,15,0,0,0,0,0,0,0,0,0,0,0,0,0,0,0,0,0,0,0,0,0,0,0,0,0,0,0,0,0,0,0,0,0,900,900,900,900,900,900,900,900,900,900,900,900,900,900,900,900,900,900,0,0,0,900,900,0,15,0,0,0,0,0,0,0,0,0
se170,lopinot,1,3LoA2,10.7048464,-61.3207613,5,2,n,04/05/2022,14:54,control,0,NA,NA,n,0,0,52,7,548,1.6,13.6,27.2,37230.93,46.55,14,0,0,0,0,0,0,0,0,0,0,0,0,0,0,0,0,0,0,0,0,0,0,0,0,0,0,0,0,0,0,0,0,0,840,840,840,840,840,840,840,840,840,840,900,840,840,840,840,840,840,840,0,0,0,840,840,0,14,0,0,0,0,0,0,0,0,0
se171,lopinot,1,3LoA3,10.7054614,-61.3207949,6,2,n,04/05/2022,15:15,control,0,NA,NA,n,0.67,0.17,66,4,569,1.16,13.8,26.77,7276.47,54.8,15,15,0,0,3,449,1,1,9,0,0,0,0,0,0,0,0,0,0,0,0,0,0,0,0,0,0,0,0,0,0,0,0,0,900,900,900,900,900,900,18,900,900,900,18,900,900,900,18,684,311,900,462,1,1,91,684,12,15,1,1,0,1,0,0,0,0,0
se172,caura,1,2CaA1,10.7092688,-61.3552454,1,2,n,05/05/2022,09:35,prey,10,0.4,23.1,n,1.23,0.31,57,5,229,3.33,12.9,24.94,6123.2,60.28,15,0,0,0,0,764,1,83,6,0,0,0,0,0,0,0,0,0,0,0,0,0,0,0,0,0,0,0,0,0,0,0,0,0,900,900,900,900,900,900,159,900,900,900,159,900,900,900,159,160,900,900,764,1,83,159,160,6,15,0,1,0,0,0,0,0,0,0
se173,caura,1,2CaA2,10.7090272,-61.3549351,2,2,n,05/05/2022,10:04,prey,10,0.4,23.1,n,1.23,0.31,53,7,258,2.14,14,25.68,40908.8,59.96,15,27,0,0,1,5,0,0,1,0,0,0,0,0,0,0,0,0,0,0,0,0,0,0,0,0,0,0,0,0,0,0,0,0,900,900,900,900,900,900,150,900,900,900,150,900,900,900,171,900,150,900,27,0,0,156,900,2,15,1,1,0,0,0,0,0,0,0
se174,caura,1,2CaA3,10.7089987,-61.3548328,3,2,n,05/05/2022,10:21,prey,10,0.4,23.1,n,3.87,0.97,66,2,275,1.77,14.1,25.44,44632.07,93.64,15,0,0,0,0,37,0,0,6,0,0,0,0,0,0,0,0,0,0,0,0,0,0,0,0,9,0,0,0,0,0,0,0,0,900,900,900,900,150,900,150,900,900,900,150,900,900,900,397,900,900,900,46,0,0,212,900,6,15,0,1,0,0,0,0,1,0,0
se175,caura,1,2CaA1,10.7092688,-61.3552454,4,2,n,05/05/2022,10:49,control,0,NA,NA,n,1.23,0.31,57,5,303,3.33,12.9,25.87,25996.4,60.28,15,0,0,0,0,184,0,0,18,0,0,0,0,0,0,0,0,0,0,0,0,0,0,0,0,0,0,0,0,0,0,0,0,0,900,900,900,900,900,900,73,900,900,900,73,900,900,900,186,900,900,900,184,0,0,110,900,18,15,0,1,0,0,0,0,0,0,0
se176,caura,1,2CaA2,10.7090272,-61.3549351,5,2,n,05/05/2022,11:07,control,0,NA,NA,n,1.23,0.31,53,7,321,2.14,14,26.31,48313.6,59.96,15,0,0,0,0,0,0,0,0,0,0,0,0,0,0,0,0,0,0,0,0,0,0,0,0,0,0,0,0,0,0,0,0,0,900,900,900,900,900,900,900,900,900,900,900,900,900,900,900,900,900,900,0,0,0,900,900,0,15,0,0,0,0,0,0,0,0,0
se177,caura,1,2CaA3,10.7089987,-61.3548328,6,2,n,05/05/2022,11:24,control,0,NA,NA,n,3.87,0.97,66,2,338,1.77,14.1,25.46,12364.13,93.64,14,0,0,0,0,27,0,0,4,0,0,0,0,0,0,0,0,0,0,0,0,0,0,0,0,2,0,0,0,0,0,0,0,0,840,840,840,840,74,840,74,840,840,840,74,840,840,840,184,840,840,840,29,0,0,101,840,4,14,0,1,0,0,0,0,1,0,0
se178,caura,2,2CaB1,10.6913761,-61.357658,1,2,n,05/05/2022,13:16,control,0,NA,NA,y,0,0,76,10,450,6.13,14.2,26.57,9721.31,70.16,15,127,0,0,8,1,0,0,1,0,0,0,0,0,0,0,0,0,0,0,0,0,0,0,0,0,0,0,0,0,0,0,0,0,900,900,900,900,900,900,38,900,900,900,38,900,900,900,38,900,290,900,128,0,0,101,900,9,15,1,1,0,0,0,0,0,0,0
se179,caura,2,2CaB2,10.6917665,-61.3575916,2,2,n,05/05/2022,13:35,control,0,NA,NA,y,1,0.25,63,7,469,5.22,14.3,26.62,17248.93,47.06,15,91,0,0,8,9,0,0,2,0,0,0,0,0,0,0,0,0,0,0,0,0,0,0,0,0,0,0,0,0,0,0,0,0,900,900,900,900,900,900,17,900,900,900,17,900,900,900,277,900,17,900,100,0,0,82,900,10,15,1,1,0,0,0,0,0,0,0
se180,caura,2,2CaB3,10.6920328,-61.3576668,3,2,n,05/05/2022,13:51,control,0,NA,NA,y,0.5,0.13,61,8,485,5.87,14.9,26.33,1858.27,59.66,15,59,0,0,4,42,0,0,3,0,0,0,0,0,0,0,0,0,0,0,0,0,0,0,0,0,0,0,0,0,0,0,0,0,900,900,900,900,900,900,64,900,900,900,64,900,900,900,157,900,64,900,97,0,0,87,900,7,15,1,1,0,0,0,0,0,0,0
se181,caura,2,2CaB1,10.6913761,-61.357658,4,2,n,05/05/2022,14:17,prey,11,0.2,30.7,y,0,0,76,10,511,6.13,14.2,26.45,3573.67,70.16,15,305,0,25,8,322,0,89,7,0,0,0,0,0,0,0,0,0,0,0,0,0,0,0,0,0,0,0,0,0,0,0,0,0,900,900,900,900,900,900,361,900,900,900,361,900,900,900,361,656,573,614,365,0,114,414,635,15,15,1,1,0,0,0,0,0,0,0
se182,caura,2,2CaB2,10.6917665,-61.3575916,5,2,n,05/05/2022,14:35,prey,11,0.2,30.7,y,1,0.25,63,7,529,5.22,14.3,26.47,6580.8,47.06,15,99,0,8,8,847,1,85,21,0,0,0,0,0,0,0,0,0,0,0,0,0,0,0,0,0,0,0,0,0,0,0,0,0,900,900,900,900,900,900,17,900,900,900,17,900,900,900,17,17,535,793,847,1,93,146,405,29,15,1,1,0,0,0,0,0,0,0
se183,caura,2,2CaB3,10.6920328,-61.3576668,6,2,n,05/05/2022,14:52,prey,11,0.2,30.7,y,0.5,0.13,61,8,546,5.87,14.9,26.45,4479.53,59.66,15,156,0,1,9,860,1,62,19,0,0,0,0,0,0,0,0,0,0,0,0,0,0,0,0,0,0,0,0,0,0,0,0,0,900,900,900,900,900,900,11,900,900,900,11,900,900,900,11,12,115,604,616,1,63,37,308,28,15,1,1,0,0,0,0,0,0,0
se184,guanapo,1,5GuA1,10.6956507,-61.2615404,1,2,y,06/05/2022,09:34,control,10,0.4,20.9,y,3.57,0.9,55,4,228,1.59,14.4,24.49,2770.47,50.07,15,28,0,0,2,0,0,0,0,0,0,0,0,24,0,0,6,0,0,0,0,8,0,0,4,0,0,0,0,0,0,0,0,0,900,900,900,900,900,900,165,900,900,900,4,900,900,900,900,900,481,900,60,0,0,217,900,12,15,1,0,0,1,0,1,0,0,0
se185,guanapo,1,5GuA2,10.6960796,-61.2617315,2,2,y,06/05/2022,10:00,prey,10,0.4,20.9,n,3.73,0.94,61,7,254,1.22,14.6,25.05,6590.33,0.01,15,26,0,0,4,0,0,0,0,0,0,0,0,0,0,0,0,0,0,0,0,0,0,0,0,15,0,0,0,0,0,0,0,0,900,900,900,900,250,900,165,900,900,900,5,900,900,900,900,900,537,900,41,0,0,239,900,4,15,1,0,0,1,0,0,1,0,0
se186,guanapo,1,5GuA3,10.6965746,-61.262246,3,2,y,06/05/2022,10:16,prey,10,0.4,20.9,n,0,0,64,6,270,1.04,13.8,25.06,40121.73,53.93,15,0,0,0,0,0,0,0,0,0,0,0,0,0,0,0,0,0,0,0,0,15,0,0,6,0,0,0,0,0,0,0,0,0,900,900,900,900,900,900,22,900,900,900,22,900,900,900,900,900,900,900,15,0,0,22,900,6,15,0,0,0,1,0,1,0,0,0
se187,guanapo,1,5GuA1,10.6956507,-61.2615404,4,2,y,06/05/2022,10:35,prey,0,NA,NA,y,3.57,0.9,55,4,289,1.59,14.4,24.56,5181,50.07,15,73,0,0,1,0,0,0,0,0,0,0,0,0,0,0,0,0,0,0,0,16,0,0,4,0,0,0,0,0,0,0,0,0,900,900,900,900,900,900,361,900,900,900,17,900,900,900,900,900,661,900,81,0,0,346,900,5,15,1,0,0,1,0,1,0,0,0
se188,guanapo,1,5GuA2,10.6960796,-61.2617315,5,2,y,06/05/2022,11:03,control,0,NA,NA,n,3.73,0.94,61,7,317,1.22,14.6,25.41,10181.4,0.01,15,7,0,0,1,0,0,0,0,0,0,0,0,0,0,0,0,0,0,0,0,0,0,0,0,0,0,0,0,0,0,0,0,0,900,900,900,900,900,900,96,900,900,900,19,900,900,900,900,900,550,900,7,0,0,222,900,1,15,1,0,0,1,0,0,0,0,0
se189,guanapo,1,5GuA3,10.6965746,-61.262246,6,2,y,06/05/2022,11:20,control,0,NA,NA,n,0,0,64,6,334,1.04,13.8,25.72,33697.87,53.93,15,15,0,0,1,0,0,0,0,0,0,0,0,0,0,0,0,0,0,0,0,0,0,0,0,0,0,0,0,0,0,0,0,0,900,900,900,900,900,900,38,900,900,900,13,900,900,900,900,900,401,900,15,0,0,151,900,1,15,1,0,0,1,0,0,0,0,0
se190,guanapo,2,5GuB1,10.6932231,-61.2610646,1,2,y,06/05/2022,13:28,control,0,NA,NA,y,0,0,91,10,462,1.59,13.8,26.75,2008.87,63.38,15,12,0,0,2,0,0,0,0,0,0,0,0,12,0,0,6,0,0,0,0,0,0,0,0,0,0,0,0,0,0,0,0,0,900,900,900,900,900,900,107,900,900,900,3,900,900,900,900,900,150,900,24,0,0,87,900,8,15,1,0,0,1,0,0,0,0,0
se191,guanapo,2,5GuB2,10.6935391,-61.2621615,2,2,y,06/05/2022,13:49,control,0,NA,NA,y,1.97,0.49,47,7,483,1.6,14,26.65,9123.13,55.9,15,2,0,0,1,0,0,0,0,0,0,0,0,0,0,0,0,0,0,0,0,0,0,0,0,0,0,0,0,0,0,0,0,0,900,900,900,900,900,900,516,900,900,900,3,900,900,900,900,900,516,900,2,0,0,345,900,1,15,1,0,0,1,0,0,0,0,0
se192,guanapo,2,5GuB3,10.6940758,-61.2633045,3,2,y,06/05/2022,14:09,control,0,NA,NA,y,1.7,0.43,102,10.5,503,1.52,14,26.76,28924.87,0.97,15,0,0,0,0,0,0,0,0,0,0,0,0,5,0,0,2,0,0,0,0,12,0,0,4,0,0,0,0,0,0,0,0,0,900,900,900,900,900,900,89,900,900,900,2,900,900,900,900,900,900,900,17,0,0,46,900,6,15,0,0,0,1,0,1,0,0,0
se193,guanapo,2,5GuB1,10.6932231,-61.2610646,4,2,y,06/05/2022,14:37,prey,10,0.3,25.8,y,0,0,91,10,531,1.59,13.8,26.47,935.53,63.38,15,20,0,0,3,0,0,0,0,0,0,0,0,1,0,0,1,0,0,0,0,0,0,0,0,0,0,0,0,0,0,0,0,0,900,900,900,900,900,900,112,900,900,900,4,900,900,900,900,900,112,900,21,0,0,76,900,4,15,1,0,0,1,0,0,0,0,0
se194,guanapo,2,5GuB2,10.6935391,-61.2621615,5,2,y,06/05/2022,15:06,prey,10,0.3,25.8,y,1.97,0.49,47,7,560,1.6,14,26.11,4634.8,55.9,15,23,0,0,2,0,0,0,0,0,0,0,0,29,0,0,4,0,0,0,0,0,0,0,0,0,0,0,0,0,0,0,0,0,900,900,900,900,900,900,138,900,900,900,1,900,900,900,900,900,351,900,45,0,0,163,900,6,15,1,0,0,1,0,0,0,0,0
se195,guanapo,2,5GuB3,10.6940758,-61.2633045,6,2,y,06/05/2022,15:34,prey,10,0.3,25.8,y,1.7,0.43,102,10.5,588,1.52,14,26.18,14754.2,0.97,15,0,0,0,0,0,0,0,0,0,0,0,0,0,0,0,0,0,0,0,0,10,0,0,3,0,0,0,0,0,0,0,0,0,900,900,900,900,900,900,46,900,900,900,5,900,900,900,900,900,900,900,10,0,0,26,900,3,15,0,0,0,1,0,1,0,0,0
se196,turure,1,7TuA1,10.6800449,-61.166981,1,2,y,08/05/2022,12:45,prey,10,0.2,25.4,n,0,0,93,2.7,420,2.64,16,26.24,36821.47,59.42,15,0,0,0,0,0,0,0,0,0,0,0,0,385,0,7,25,0,0,0,0,0,0,0,0,0,0,0,0,0,0,0,0,0,900,900,900,900,900,900,268,900,900,900,6,652,900,900,900,900,900,900,385,0,7,137,652,25,15,0,0,0,1,0,0,0,0,0
se197,turure,1,7TuA2,10.6802927,-61.1670844,2,2,y,08/05/2022,13:05,prey,10,0.2,25.4,n,0,0,50,7,440,2.37,14,25.38,913.47,50.64,15,0,0,0,0,0,0,0,0,0,0,0,0,3,0,0,3,266,0,0,2,0,0,0,0,0,0,0,0,0,0,0,0,0,900,900,900,900,900,900,50,900,446,900,50,900,900,900,900,900,900,900,267,0,0,182,900,5,15,0,0,0,1,1,0,0,0,0
se198,turure,1,7TuA3,10.6806674,-61.1672407,3,2,y,08/05/2022,13:27,prey,10,0.2,25.4,n,0,0,81,3,462,1.58,13.3,25.26,5589.73,64.78,15,0,0,0,0,0,0,0,0,0,0,0,0,0,0,2,0,0,0,0,0,0,0,0,0,0,0,0,0,0,0,0,0,0,900,900,900,900,900,900,64,900,900,900,5,164,900,900,900,900,900,900,0,0,2,34,164,0,15,0,0,0,1,0,0,0,0,0
se199,turure,1,7TuA1,10.6800449,-61.166981,4,2,y,08/05/2022,13:56,control,0,NA,NA,n,0,0,93,2.7,491,2.64,16,25.81,5579.33,59.42,15,0,0,0,0,0,0,0,0,0,0,0,0,38,0,0,19,0,0,0,0,0,0,0,0,0,0,0,0,0,0,0,0,0,900,900,900,900,900,900,172,900,900,900,1,900,900,900,900,900,900,900,38,0,0,86,900,19,15,0,0,0,1,0,0,0,0,0
se200,turure,1,7TuA2,10.6802927,-61.1670844,5,2,y,08/05/2022,14:14,control,0,NA,NA,n,0,0,50,7,509,2.37,14,25.44,866.64,50.64,15,0,0,0,0,0,0,0,0,0,0,0,0,0,0,0,0,17,0,0,1,0,0,0,0,0,0,0,0,0,0,0,0,0,900,900,900,900,900,900,210,900,478,900,210,900,900,900,900,900,900,900,17,0,0,299,900,1,15,0,0,0,0,1,0,0,0,0
se201,turure,1,7TuA3,10.6806674,-61.1672407,6,2,y,08/05/2022,14:34,control,0,NA,NA,n,0,0,81,3,529,1.58,13.3,25.15,3804.2,64.78,15,0,0,0,0,0,0,0,0,0,0,0,0,0,0,0,0,0,0,0,0,0,0,0,0,0,0,0,0,0,0,0,0,0,900,900,900,900,900,900,75,900,900,900,3,900,900,900,900,900,900,900,0,0,0,39,900,0,15,0,0,0,1,0,0,0,0,0
se202,aripo,3,6ArC1,10.650799,-61.2225565,1,2,n,09/05/2022,09:02,control,0,NA,NA,y,0,0,55,5,197,4.03,8.9,26.85,1089.46,61.68,15,63,0,0,7,622,1,0,4,0,0,0,0,18,0,0,12,0,0,0,0,4,0,0,2,0,251,0,1,7,0,0,0,0,900,900,381,898,900,900,9,900,900,900,9,900,900,900,284,900,316,900,627,1,1,200,898,32,15,1,1,0,1,0,1,0,1,0
se203,aripo,3,6ArC2,10.656661,-61.222766,2,2,n,09/05/2022,09:21,control,0,NA,NA,y,0,0,50,8.5,216,5.31,9.6,26.92,1680.47,67.76,15,72,0,0,4,92,0,0,7,0,0,0,0,1,0,0,2,0,0,0,0,0,0,0,0,0,162,0,0,11,0,0,0,0,900,900,146,900,900,900,4,900,900,900,113,900,900,900,402,900,113,900,293,0,0,156,900,24,15,1,1,0,1,0,1,0,1,0
se204,aripo,3,6ArC3,10.6505221,-61.2230803,3,2,n,09/05/2022,09:40,control,0,NA,NA,y,0,0,70,12,235,7.27,8.8,27.5,17734.47,11.36,15,0,0,0,0,4,0,0,1,0,0,0,0,0,0,0,0,0,0,0,0,0,0,0,0,0,7,0,0,1,0,0,0,0,900,900,758,900,900,900,519,900,900,900,3,900,900,900,519,900,900,900,10,0,0,450,900,2,15,0,1,0,1,0,0,0,1,0
se205,aripo,3,6ArC1,10.650799,-61.2225565,4,2,n,09/05/2022,10:07,prey,10,0.2,27.7,y,0,0,55,5,262,4.03,8.9,26.98,2794.93,61.68,15,534,1,2,7,761,1,23,5,0,0,0,0,0,0,0,0,0,0,0,0,0,0,0,0,0,519,1,4,13,0,0,0,0,900,900,5,255,900,900,5,900,900,900,5,900,900,900,160,160,139,476,799,1,29,63,297,25,15,1,1,0,1,0,0,0,1,0
se206,aripo,3,6ArC2,10.656661,-61.222766,5,2,n,09/05/2022,10:26,prey,10,0.2,27.7,y,0,0,50,8.5,281,5.31,9.6,27.21,555.13,67.76,15,17,0,0,1,562,1,66,17,212,0,0,1,0,0,0,0,0,0,0,0,0,0,3,0,0,407,0,0,6,0,0,0,0,900,900,169,900,900,900,61,228,900,900,4,900,690,900,64,66,253,900,594,1,69,207,147,25,15,1,1,1,1,0,1,0,1,0
se207,aripo,3,6ArC3,10.6505221,-61.2230803,6,2,n,09/05/2022,10:45,prey,10,0.2,27.7,y,0,0,70,12,300,7.27,8.8,27.55,11533.07,11.36,15,101,0,0,5,38,0,0,3,194,0,1,1,0,0,0,0,0,0,0,0,0,0,0,0,0,30,0,0,6,0,0,0,0,900,900,161,900,900,900,161,900,900,900,5,900,500,693,471,900,538,900,328,0,1,306,693,15,15,1,1,1,1,0,0,0,1,0
se208,st joseph,3,1StC1,10.6953817,-61.4069179,1,2,y,09/05/2022,13:58,control,0,NA,NA,y,0,0,53,7,493,1.87,14.8,27.27,1011.93,67.73,15,205,0,0,9,181,0,0,24,0,0,0,0,0,0,0,0,0,0,0,0,1,0,0,1,0,0,0,0,0,0,0,0,0,900,900,900,900,900,900,82,900,900,900,82,900,900,900,82,900,337,900,310,0,0,146,900,34,15,1,1,0,0,0,1,0,0,0
se209,st joseph,3,1StC2,10.7021109,-61.4059031,2,2,y,09/05/2022,14:18,control,0,NA,NA,y,0.17,0.04,50,7.5,513,1.14,14.6,27.16,1124.4,58.24,15,166,0,0,7,0,0,0,0,0,0,0,0,1,0,0,1,0,0,0,0,0,0,0,0,0,0,0,0,0,0,0,0,0,900,900,900,900,900,900,17,900,900,900,17,900,900,900,900,900,17,900,166,0,0,17,900,8,15,1,0,0,1,0,1,0,0,0
se210,st joseph,3,1StC3,10.7027705,-61.4063281,3,2,y,09/05/2022,14:37,control,0,NA,NA,y,0,0,63,5,532,1.34,13.9,27.4,3099.2,50.25,15,10,0,0,1,0,0,0,0,0,0,0,0,0,0,0,1,0,0,0,0,0,0,0,0,0,0,0,0,0,0,0,0,0,900,900,900,900,900,900,461,900,900,900,1,900,900,900,900,900,461,900,10,0,0,308,900,2,15,1,0,0,1,0,0,0,0,0
se211,st joseph,3,1StC1,10.6953817,-61.4069179,4,2,y,09/05/2022,15:07,prey,10,0.2,27.3,y,0,0,53,7,562,1.87,14.8,27.14,884.73,67.73,15,709,1,41,8,780,1,295,5,0,0,0,0,0,0,0,0,0,0,0,0,0,0,0,0,0,0,0,0,0,0,0,0,0,900,900,900,900,900,900,134,900,900,900,134,900,900,900,134,143,204,212,780,1,336,151,178,13,15,1,1,0,0,0,0,0,0,0
se212,st joseph,3,1StC2,10.7021109,-61.4059031,5,2,y,09/05/2022,15:28,prey,10,0.2,27.3,y,0.17,0.04,50,7.5,583,1.14,14.6,27.13,724.4,58.24,15,68,0,0,2,438,0,19,7,0,0,0,0,0,0,0,0,0,0,0,0,0,0,0,0,0,0,0,0,0,0,0,0,0,900,900,900,900,900,900,130,900,900,900,26,900,900,900,325,357,130,900,506,1,19,153,357,9,15,1,1,0,1,0,1,0,0,0
se213,st joseph,3,1StC3,10.7027705,-61.4063281,6,2,y,09/05/2022,15:48,prey,10,0.2,27.3,y,0,0,63,5,603,1.34,13.9,27.23,3356.27,50.25,15,30,0,0,2,0,0,0,0,0,0,0,0,0,0,0,0,0,0,0,0,0,0,0,0,0,0,0,0,0,0,0,0,0,900,900,900,900,900,900,682,900,900,900,5,900,900,900,900,900,682,900,30,0,0,456,900,2,15,1,0,0,1,0,0,0,0,0
se214,arima,2,4ArB1,10.6898261,-61.2902994,1,2,y,10/05/2022,09:15,prey,10,0.4,27.5,n,0.07,0.02,51,2,210,1.44,14.7,25.12,3299.6,94.31,15,853,1,0,14,123,0,0,7,0,0,0,0,0,0,0,0,0,0,0,0,0,0,0,0,0,0,0,0,0,0,0,0,0,900,900,900,900,900,900,43,900,900,900,43,900,900,900,124,900,43,900,853,1,0,64,900,21,15,1,1,0,0,0,0,0,0,0
se215,arima,2,4ArB2,10.6910773,-61.2908238,2,2,y,10/05/2022,09:37,prey,10,0.4,27.5,n,0,0,54,10,232,1.56,13.2,25.92,31504.87,29.53,15,868,1,8,22,321,0,49,2,0,0,0,0,0,0,0,0,0,0,0,0,0,0,0,0,0,0,0,0,0,0,0,0,0,900,900,900,900,900,900,30,900,900,900,30,900,900,900,587,588,30,595,868,1,57,169,591,24,15,1,1,0,0,0,0,0,0,0
se216,arima,2,4ArB3,10.6910499,-61.2907148,3,2,y,10/05/2022,09:53,prey,10,0.4,27.5,n,0,0,56,10,248,1.59,14.3,25.76,31957.47,29.9,15,80,0,0,3,537,1,10,11,0,0,0,0,0,0,0,0,0,0,0,0,0,0,0,0,0,0,0,0,0,0,0,0,0,900,900,900,900,900,900,86,900,900,900,86,900,900,900,86,121,223,900,568,1,10,120,121,14,15,1,1,0,0,0,0,0,0,0
se217,arima,2,4ArB1,10.6898261,-61.2902994,4,2,y,10/05/2022,10:25,control,0,NA,NA,n,0.07,0.02,51,2,280,1.44,14.7,26,13905.53,94.31,15,95,0,0,6,14,0,0,2,0,0,0,0,0,0,0,0,0,0,0,0,0,0,0,0,0,0,0,0,0,0,0,0,0,900,900,900,900,900,900,285,900,900,900,285,900,900,900,310,900,285,900,104,0,0,291,900,8,15,1,1,0,0,0,0,0,0,0
se218,arima,2,4ArB2,10.6910773,-61.2908238,5,2,y,10/05/2022,10:54,control,0,NA,NA,n,0,0,54,10,309,1.56,13.2,27.09,50568,29.53,15,167,0,0,11,69,0,0,4,0,0,0,0,0,0,0,0,0,0,0,0,0,0,0,0,0,0,0,0,0,0,0,0,0,900,900,900,900,900,900,99,900,900,900,99,900,900,900,154,900,99,900,178,0,0,113,900,15,15,1,1,0,0,0,0,0,0,0
se219,arima,2,4ArB3,10.6910499,-61.2907148,6,2,y,10/05/2022,11:10,control,0,NA,NA,n,0,0,56,10,325,1.59,14.3,26.34,35644.53,29.9,15,25,0,0,4,122,0,0,3,0,0,0,0,0,0,0,0,0,0,0,0,0,0,0,0,0,0,0,0,0,0,0,0,0,900,900,900,900,900,900,105,900,900,900,105,900,900,900,105,900,155,900,130,0,0,117,900,7,15,1,1,0,0,0,0,0,0,0
se220,arima,1,4ArA1,10.692835,-61.292449,1,2,y,10/05/2022,12:53,control,0,NA,NA,y,0,0,92,12,428,4.6,16,25.74,29420,4.14,15,198,0,0,17,2,0,0,1,0,0,0,0,0,0,0,0,0,0,0,0,0,0,0,0,0,0,0,0,0,0,0,0,0,900,900,900,900,900,900,114,900,900,900,114,900,900,900,275,900,114,900,201,0,0,154,900,18,15,1,1,0,0,0,0,0,0,0
se221,arima,1,4ArA2,10.692755,-61.292442,2,2,y,10/05/2022,13:10,control,0,NA,NA,y,0,0,53,10,445,1.31,16.7,29.02,19780.73,26.68,14,0,0,0,0,9,0,0,1,0,0,0,0,0,0,0,0,0,0,0,0,0,0,0,0,0,0,0,0,0,0,0,0,0,840,840,840,840,840,840,500,840,840,840,500,840,840,840,500,840,840,840,9,0,0,500,840,1,14,0,1,0,0,0,0,0,0,0
se222,arima,1,4ArA3,10.6927453,-61.292564,3,2,y,10/05/2022,13:25,control,0,NA,NA,y,0,0,67,12,460,1.76,16.8,26.11,8507.93,3.34,15,67,0,0,6,0,0,0,0,0,0,0,0,0,0,0,0,0,0,0,0,0,0,0,0,0,0,0,0,0,0,0,0,0,900,900,900,900,900,900,159,900,900,900,159,900,900,900,900,900,159,900,67,0,0,159,900,6,15,1,0,0,0,0,0,0,0,0
se223,arima,1,4ArA1,10.692835,-61.292449,4,2,y,10/05/2022,13:44,prey,11,0.27,24.9,y,0,0,92,12,479,4.6,16,29.58,22276.4,4.14,15,537,1,51,27,746,1,190,15,0,0,0,0,0,0,0,0,0,0,0,0,0,0,0,0,0,0,0,0,0,0,0,0,0,900,900,900,900,900,900,109,900,900,900,109,900,900,900,162,169,109,176,766,1,241,122,173,42,15,1,1,0,0,0,0,0,0,0
se224,arima,1,4ArA2,10.692755,-61.292442,5,2,y,10/05/2022,14:00,prey,11,0.27,24.9,y,0,0,53,10,495,1.31,16.7,27.02,56453.47,26.68,14,0,0,0,0,0,0,0,0,0,0,0,0,0,0,0,0,0,0,0,0,0,0,0,0,0,0,0,0,0,0,0,0,0,840,840,840,840,840,840,840,840,840,840,900,840,840,840,840,840,840,840,0,0,0,840,840,0,14,0,0,0,0,0,0,0,0,0
se225,arima,1,4ArA3,10.6927453,-61.292564,6,2,y,10/05/2022,14:15,prey,11,0.27,24.9,y,0,0,67,12,510,1.76,16.8,26.89,36184.93,3.34,15,49,0,0,4,47,0,0,3,0,0,0,0,0,0,0,0,0,0,0,0,0,0,0,0,0,0,0,0,0,0,0,0,0,900,900,900,900,900,900,109,900,900,900,109,900,900,900,109,900,109,900,76,0,0,109,900,7,15,1,1,0,0,0,0,0,0,0
